tdays,Angledeg
     0.0 ,   -80.13
    10.0 ,   -69.94
    20.0 ,   -59.75
    30.0 ,   -49.59
    40.0 ,   -39.44
    50.0 ,   -29.34
    60.0 ,   -19.28
    70.0 ,    -9.27
    80.0 ,     0.69
    90.0 ,    10.59
   100.0 ,    20.44
   110.0 ,    30.23
   120.0 ,    39.96
   130.0 ,    49.66
   140.0 ,    59.30
   150.0 ,    68.90
   160.0 ,    78.48
   170.0 ,    88.03
   180.0 ,    97.57
   190.0 ,   107.11
   200.0 ,   116.64
   210.0 ,   126.19
   220.0 ,   135.77
   230.0 ,   145.36
   240.0 ,   155.00
   250.0 ,   164.69
   260.0 ,   174.41
   270.0 ,   184.20
   280.0 ,   194.04
   290.0 ,   203.93
   300.0 ,   213.88
   310.0 ,   223.89
   320.0 ,   233.94
   330.0 ,   244.04
   340.0 ,   254.18
   350.0 ,   264.34
   360.0 ,   274.53
   370.0 ,   284.72
   380.0 ,   294.91
   390.0 ,   305.09
   400.0 ,   315.24
   410.0 ,   325.36
   420.0 ,   335.45
   430.0 ,   345.49
   440.0 ,   355.47
   450.0 ,   365.41
   460.0 ,   375.28
   470.0 ,   385.10
   480.0 ,   394.86
   490.0 ,   404.58
   500.0 ,   414.24
   510.0 ,   423.87
   520.0 ,   433.46
   530.0 ,   443.02
   540.0 ,   452.57
   550.0 ,   462.11
   560.0 ,   471.64
   570.0 ,   481.19
   580.0 ,   490.75
   590.0 ,   500.33
   600.0 ,   509.95
   610.0 ,   519.61
   620.0 ,   529.31
   630.0 ,   539.07
   640.0 ,   548.88
   650.0 ,   558.74
   660.0 ,   568.67
   670.0 ,   578.64
   680.0 ,   588.67
   690.0 ,   598.75
   700.0 ,   608.86
   710.0 ,   619.01
   720.0 ,   629.19
   730.0 ,   639.37
   740.0 ,   649.57
   750.0 ,   659.75
   760.0 ,   669.92
   770.0 ,   680.06
   780.0 ,   690.17
   790.0 ,   700.23
   800.0 ,   710.24
   810.0 ,   720.21
   820.0 ,   730.11
   830.0 ,   739.96
   840.0 ,   749.75
   850.0 ,   759.49
   860.0 ,   769.18
   870.0 ,   778.83
   880.0 ,   788.43
   890.0 ,   798.01
   900.0 ,   807.57
   910.0 ,   817.11
   920.0 ,   826.64
   930.0 ,   836.18
   940.0 ,   845.73
   950.0 ,   855.30
   960.0 ,   864.91
   970.0 ,   874.54
   980.0 ,   884.22
   990.0 ,   893.95
  1000.0 ,   903.73
  1010.0 ,   913.56
  1020.0 ,   923.46
  1030.0 ,   933.40
  1040.0 ,   943.41
  1050.0 ,   953.46
  1060.0 ,   963.55
  1070.0 ,   973.69
  1080.0 ,   983.85
  1090.0 ,   994.03
  1100.0 ,  1004.22
  1110.0 ,  1014.41
  1120.0 ,  1024.59
  1130.0 ,  1034.75
  1140.0 ,  1044.88
  1150.0 ,  1054.96
  1160.0 ,  1065.00
  1170.0 ,  1074.99
  1180.0 ,  1084.93
  1190.0 ,  1094.81
  1200.0 ,  1104.63
  1210.0 ,  1114.39
  1220.0 ,  1124.11
  1230.0 ,  1133.78
  1240.0 ,  1143.41
  1250.0 ,  1153.00
  1260.0 ,  1162.56
  1270.0 ,  1172.11
  1280.0 ,  1181.65
  1290.0 ,  1191.18
  1300.0 ,  1200.72
  1310.0 ,  1210.28
  1320.0 ,  1219.87
  1330.0 ,  1229.48
  1340.0 ,  1239.14
  1350.0 ,  1248.84
  1360.0 ,  1258.59
  1370.0 ,  1268.40
  1380.0 ,  1278.26
  1390.0 ,  1288.18
  1400.0 ,  1298.16
  1410.0 ,  1308.18
  1420.0 ,  1318.25
  1430.0 ,  1328.37
  1440.0 ,  1338.52
  1450.0 ,  1348.69
  1460.0 ,  1358.88
  1470.0 ,  1369.07
  1480.0 ,  1379.26
  1490.0 ,  1389.43
  1500.0 ,  1399.57
  1510.0 ,  1409.68
  1520.0 ,  1419.75
  1530.0 ,  1429.76
  1540.0 ,  1439.73
  1550.0 ,  1449.64
  1560.0 ,  1459.49
  1570.0 ,  1469.28
  1580.0 ,  1479.03
  1590.0 ,  1488.71
  1600.0 ,  1498.36
  1610.0 ,  1507.97
  1620.0 ,  1517.55
  1630.0 ,  1527.11
  1640.0 ,  1536.65
  1650.0 ,  1546.18
  1660.0 ,  1555.72
  1670.0 ,  1565.27
  1680.0 ,  1574.83
  1690.0 ,  1584.44
  1700.0 ,  1594.07
  1710.0 ,  1603.74
  1720.0 ,  1613.47
  1730.0 ,  1623.25
  1740.0 ,  1633.08
  1750.0 ,  1642.97
  1760.0 ,  1652.92
  1770.0 ,  1662.92
  1780.0 ,  1672.97
  1790.0 ,  1683.07
  1800.0 ,  1693.20
  1810.0 ,  1703.36
  1820.0 ,  1713.54
  1830.0 ,  1723.73
  1840.0 ,  1733.92
  1850.0 ,  1744.10
  1860.0 ,  1754.26
  1870.0 ,  1764.39
  1880.0 ,  1774.48
  1890.0 ,  1784.52
  1900.0 ,  1794.51
  1910.0 ,  1804.45
  1920.0 ,  1814.33
  1930.0 ,  1824.15
  1940.0 ,  1833.92
  1950.0 ,  1843.64
  1960.0 ,  1853.31
  1970.0 ,  1862.94
  1980.0 ,  1872.53
  1990.0 ,  1882.10
  2000.0 ,  1891.64
  2010.0 ,  1901.18
  2020.0 ,  1910.72
  2030.0 ,  1920.26
  2040.0 ,  1929.81
  2050.0 ,  1939.40
  2060.0 ,  1949.01
  2070.0 ,  1958.67
  2080.0 ,  1968.37
  2090.0 ,  1978.12
  2100.0 ,  1987.92
  2110.0 ,  1997.78
  2120.0 ,  2007.70
  2130.0 ,  2017.67
  2140.0 ,  2027.70
  2150.0 ,  2037.77
  2160.0 ,  2047.88
  2170.0 ,  2058.03
  2180.0 ,  2068.20
  2190.0 ,  2078.39
  2200.0 ,  2088.58
  2210.0 ,  2098.76
  2220.0 ,  2108.94
  2230.0 ,  2119.08
  2240.0 ,  2129.19
  2250.0 ,  2139.26
  2260.0 ,  2149.28
  2270.0 ,  2159.24
  2280.0 ,  2169.16
  2290.0 ,  2179.01
  2300.0 ,  2188.81
  2310.0 ,  2198.56
  2320.0 ,  2208.25
  2330.0 ,  2217.90
  2340.0 ,  2227.51
  2350.0 ,  2237.09
  2360.0 ,  2246.65
  2370.0 ,  2256.19
  2380.0 ,  2265.73
  2390.0 ,  2275.26
  2400.0 ,  2284.81
  2410.0 ,  2294.38
  2420.0 ,  2303.97
  2430.0 ,  2313.61
  2440.0 ,  2323.28
  2450.0 ,  2333.00
  2460.0 ,  2342.78
  2470.0 ,  2352.61
  2480.0 ,  2362.49
  2490.0 ,  2372.44
  2500.0 ,  2382.43
  2510.0 ,  2392.48
  2520.0 ,  2402.57
  2530.0 ,  2412.70
  2540.0 ,  2422.86
  2550.0 ,  2433.05
  2560.0 ,  2443.23
  2570.0 ,  2453.42
  2580.0 ,  2463.61
  2590.0 ,  2473.77
  2600.0 ,  2483.89
  2610.0 ,  2493.99
  2620.0 ,  2504.03
  2630.0 ,  2514.03
  2640.0 ,  2523.97
  2650.0 ,  2533.85
  2660.0 ,  2543.68
  2670.0 ,  2553.46
  2680.0 ,  2563.17
  2690.0 ,  2572.85
  2700.0 ,  2582.48
  2710.0 ,  2592.07
  2720.0 ,  2601.64
  2730.0 ,  2611.19
  2740.0 ,  2620.73
  2750.0 ,  2630.26
  2760.0 ,  2639.80
  2770.0 ,  2649.36
  2780.0 ,  2658.94
  2790.0 ,  2668.55
  2800.0 ,  2678.20
  2810.0 ,  2687.90
  2820.0 ,  2697.65
  2830.0 ,  2707.44
  2840.0 ,  2717.30
  2850.0 ,  2727.22
  2860.0 ,  2737.18
  2870.0 ,  2747.20
  2880.0 ,  2757.28
  2890.0 ,  2767.39
  2900.0 ,  2777.53
  2910.0 ,  2787.71
  2920.0 ,  2797.89
  2930.0 ,  2808.09
  2940.0 ,  2818.27
  2950.0 ,  2828.44
  2960.0 ,  2838.59
  2970.0 ,  2848.71
  2980.0 ,  2858.77
  2990.0 ,  2868.80
  3000.0 ,  2878.77
  3010.0 ,  2888.68
  3020.0 ,  2898.54
  3030.0 ,  2908.34
  3040.0 ,  2918.09
  3050.0 ,  2927.78
  3060.0 ,  2937.44
  3070.0 ,  2947.05
  3080.0 ,  2956.63
  3090.0 ,  2966.19
  3100.0 ,  2975.72
  3110.0 ,  2985.26
  3120.0 ,  2994.80
  3130.0 ,  3004.34
  3140.0 ,  3013.91
  3150.0 ,  3023.51
  3160.0 ,  3033.13
  3170.0 ,  3042.81
  3180.0 ,  3052.53
  3190.0 ,  3062.30
  3200.0 ,  3072.13
  3210.0 ,  3082.01
  3220.0 ,  3091.95
  3230.0 ,  3101.94
  3240.0 ,  3111.99
  3250.0 ,  3122.08
  3260.0 ,  3132.21
  3270.0 ,  3142.37
  3280.0 ,  3152.55
  3290.0 ,  3162.74
  3300.0 ,  3172.93
  3310.0 ,  3183.11
  3320.0 ,  3193.27
  3330.0 ,  3203.40
  3340.0 ,  3213.50
  3350.0 ,  3223.55
  3360.0 ,  3233.54
  3370.0 ,  3243.49
  3380.0 ,  3253.38
  3390.0 ,  3263.21
  3400.0 ,  3272.98
  3410.0 ,  3282.71
  3420.0 ,  3292.38
  3430.0 ,  3302.01
  3440.0 ,  3311.61
  3450.0 ,  3321.18
  3460.0 ,  3330.73
  3470.0 ,  3340.27
  3480.0 ,  3349.80
  3490.0 ,  3359.34
  3500.0 ,  3368.90
  3510.0 ,  3378.47
  3520.0 ,  3388.09
  3530.0 ,  3397.74
  3540.0 ,  3407.43
  3550.0 ,  3417.17
  3560.0 ,  3426.97
  3570.0 ,  3436.82
  3580.0 ,  3446.74
  3590.0 ,  3456.70
  3600.0 ,  3466.72
  3610.0 ,  3476.79
  3620.0 ,  3486.90
  3630.0 ,  3497.04
  3640.0 ,  3507.21
  3650.0 ,  3517.40
  3660.0 ,  3527.58
  3670.0 ,  3537.77
  3680.0 ,  3547.95
  3690.0 ,  3558.09
  3700.0 ,  3568.21
  3710.0 ,  3578.28
  3720.0 ,  3588.30
  3730.0 ,  3598.28
  3740.0 ,  3608.20
  3750.0 ,  3618.06
  3760.0 ,  3627.86
  3770.0 ,  3637.61
  3780.0 ,  3647.31
  3790.0 ,  3656.97
  3800.0 ,  3666.58
  3810.0 ,  3676.16
  3820.0 ,  3685.73
  3830.0 ,  3695.27
  3840.0 ,  3704.80
  3850.0 ,  3714.34
  3860.0 ,  3723.88
  3870.0 ,  3733.45
  3880.0 ,  3743.05
  3890.0 ,  3752.67
  3900.0 ,  3762.34
  3910.0 ,  3772.06
  3920.0 ,  3781.83
  3930.0 ,  3791.65
  3940.0 ,  3801.53
  3950.0 ,  3811.47
  3960.0 ,  3821.46
  3970.0 ,  3831.50
  3980.0 ,  3841.59
  3990.0 ,  3851.72
  4000.0 ,  3861.88
  4010.0 ,  3872.05
  4020.0 ,  3882.24
  4030.0 ,  3892.44
  4040.0 ,  3902.61
  4050.0 ,  3912.78
  4060.0 ,  3922.91
  4070.0 ,  3933.01
  4080.0 ,  3943.06
  4090.0 ,  3953.06
  4100.0 ,  3963.01
  4110.0 ,  3972.90
  4120.0 ,  3982.73
  4130.0 ,  3992.51
  4140.0 ,  4002.24
  4150.0 ,  4011.92
  4160.0 ,  4021.55
  4170.0 ,  4031.15
  4180.0 ,  4040.72
  4190.0 ,  4050.27
  4200.0 ,  4059.81
  4210.0 ,  4069.34
  4220.0 ,  4078.88
  4230.0 ,  4088.44
  4240.0 ,  4098.01
  4250.0 ,  4107.62
  4260.0 ,  4117.27
  4270.0 ,  4126.96
  4280.0 ,  4136.70
  4290.0 ,  4146.49
  4300.0 ,  4156.34
  4310.0 ,  4166.25
  4320.0 ,  4176.21
  4330.0 ,  4186.23
  4340.0 ,  4196.29
  4350.0 ,  4206.40
  4360.0 ,  4216.54
  4370.0 ,  4226.71
  4380.0 ,  4236.90
  4390.0 ,  4247.09
  4400.0 ,  4257.28
  4410.0 ,  4267.45
  4420.0 ,  4277.60
  4430.0 ,  4287.72
  4440.0 ,  4297.79
  4450.0 ,  4307.82
  4460.0 ,  4317.79
  4470.0 ,  4327.72
  4480.0 ,  4337.58
  4490.0 ,  4347.39
  4500.0 ,  4357.14
  4510.0 ,  4366.84
  4520.0 ,  4376.50
  4530.0 ,  4386.12
  4540.0 ,  4395.70
  4550.0 ,  4405.26
  4560.0 ,  4414.81
  4570.0 ,  4424.34
  4580.0 ,  4433.88
  4590.0 ,  4443.42
  4600.0 ,  4452.99
  4610.0 ,  4462.58
  4620.0 ,  4472.21
  4630.0 ,  4481.87
  4640.0 ,  4491.59
  4650.0 ,  4501.35
  4660.0 ,  4511.17
  4670.0 ,  4521.05
  4680.0 ,  4530.99
  4690.0 ,  4540.97
  4700.0 ,  4551.02
  4710.0 ,  4561.10
  4720.0 ,  4571.23
  4730.0 ,  4581.38
  4740.0 ,  4591.56
  4750.0 ,  4601.75
  4760.0 ,  4611.94
  4770.0 ,  4622.13
  4780.0 ,  4632.29
  4790.0 ,  4642.42
  4800.0 ,  4652.52
  4810.0 ,  4662.57
  4820.0 ,  4672.57
  4830.0 ,  4682.52
  4840.0 ,  4692.41
  4850.0 ,  4702.25
  4860.0 ,  4712.03
  4870.0 ,  4721.76
  4880.0 ,  4731.44
  4890.0 ,  4741.08
  4900.0 ,  4750.68
  4910.0 ,  4760.25
  4920.0 ,  4769.80
  4930.0 ,  4779.34
  4940.0 ,  4788.87
  4950.0 ,  4798.42
  4960.0 ,  4807.97
  4970.0 ,  4817.55
  4980.0 ,  4827.15
  4990.0 ,  4836.80
  5000.0 ,  4846.49
  5010.0 ,  4856.23
  5020.0 ,  4866.02
  5030.0 ,  4875.87
  5040.0 ,  4885.77
  5050.0 ,  4895.73
  5060.0 ,  4905.75
  5070.0 ,  4915.81
  5080.0 ,  4925.91
  5090.0 ,  4936.06
  5100.0 ,  4946.22
  5110.0 ,  4956.40
  5120.0 ,  4966.60
  5130.0 ,  4976.79
  5140.0 ,  4986.96
  5150.0 ,  4997.11
  5160.0 ,  5007.23
  5170.0 ,  5017.30
  5180.0 ,  5027.34
  5190.0 ,  5037.31
  5200.0 ,  5047.24
  5210.0 ,  5057.10
  5220.0 ,  5066.91
  5230.0 ,  5076.67
  5240.0 ,  5086.38
  5250.0 ,  5096.03
  5260.0 ,  5105.65
  5270.0 ,  5115.24
  5280.0 ,  5124.80
  5290.0 ,  5134.34
  5300.0 ,  5143.88
  5310.0 ,  5153.41
  5320.0 ,  5162.96
  5330.0 ,  5172.53
  5340.0 ,  5182.12
  5350.0 ,  5191.74
  5360.0 ,  5201.41
  5370.0 ,  5211.12
  5380.0 ,  5220.88
  5390.0 ,  5230.70
  5400.0 ,  5240.57
  5410.0 ,  5250.51
  5420.0 ,  5260.49
  5430.0 ,  5270.53
  5440.0 ,  5280.61
  5450.0 ,  5290.73
  5460.0 ,  5300.89
  5470.0 ,  5311.06
  5480.0 ,  5321.25
  5490.0 ,  5331.44
  5500.0 ,  5341.63
  5510.0 ,  5351.79
  5520.0 ,  5361.93
  5530.0 ,  5372.03
  5540.0 ,  5382.09
  5550.0 ,  5392.09
  5560.0 ,  5402.04
  5570.0 ,  5411.94
  5580.0 ,  5421.78
  5590.0 ,  5431.56
  5600.0 ,  5441.29
  5610.0 ,  5450.97
  5620.0 ,  5460.62
  5630.0 ,  5470.22
  5640.0 ,  5479.79
  5650.0 ,  5489.34
  5660.0 ,  5498.88
  5670.0 ,  5508.41
  5680.0 ,  5517.96
  5690.0 ,  5527.51
  5700.0 ,  5537.08
  5710.0 ,  5546.69
  5720.0 ,  5556.33
  5730.0 ,  5566.02
  5740.0 ,  5575.76
  5750.0 ,  5585.54
  5760.0 ,  5595.39
  5770.0 ,  5605.29
  5780.0 ,  5615.25
  5790.0 ,  5625.26
  5800.0 ,  5635.32
  5810.0 ,  5645.42
  5820.0 ,  5655.56
  5830.0 ,  5665.73
  5840.0 ,  5675.91
  5850.0 ,  5686.11
  5860.0 ,  5696.30
  5870.0 ,  5706.47
  5880.0 ,  5716.62
  5890.0 ,  5726.74
  5900.0 ,  5736.82
  5910.0 ,  5746.85
  5920.0 ,  5756.84
  5930.0 ,  5766.76
  5940.0 ,  5776.63
  5950.0 ,  5786.45
  5960.0 ,  5796.20
  5970.0 ,  5805.91
  5980.0 ,  5815.57
  5990.0 ,  5825.19
  6000.0 ,  5834.77
  6010.0 ,  5844.34
  6020.0 ,  5853.88
  6030.0 ,  5863.41
  6040.0 ,  5872.95
  6050.0 ,  5882.49
  6060.0 ,  5892.06
  6070.0 ,  5901.65
  6080.0 ,  5911.27
  6090.0 ,  5920.93
  6100.0 ,  5930.64
  6110.0 ,  5940.40
  6120.0 ,  5950.22
  6130.0 ,  5960.09
  6140.0 ,  5970.02
  6150.0 ,  5980.00
  6160.0 ,  5990.04
  6170.0 ,  6000.12
  6180.0 ,  6010.24
  6190.0 ,  6020.40
  6200.0 ,  6030.57
  6210.0 ,  6040.76
  6220.0 ,  6050.95
  6230.0 ,  6061.14
  6240.0 ,  6071.30
  6250.0 ,  6081.44
  6260.0 ,  6091.54
  6270.0 ,  6101.60
  6280.0 ,  6111.61
  6290.0 ,  6121.56
  6300.0 ,  6131.46
  6310.0 ,  6141.30
  6320.0 ,  6151.09
  6330.0 ,  6160.83
  6340.0 ,  6170.51
  6350.0 ,  6180.15
  6360.0 ,  6189.76
  6370.0 ,  6199.33
  6380.0 ,  6208.88
  6390.0 ,  6218.42
  6400.0 ,  6227.95
  6410.0 ,  6237.49
  6420.0 ,  6247.05
  6430.0 ,  6256.62
  6440.0 ,  6266.22
  6450.0 ,  6275.86
  6460.0 ,  6285.55
  6470.0 ,  6295.28
  6480.0 ,  6305.07
  6490.0 ,  6314.91
  6500.0 ,  6324.81
  6510.0 ,  6334.77
  6520.0 ,  6344.77
  6530.0 ,  6354.83
  6540.0 ,  6364.94
  6550.0 ,  6375.07
  6560.0 ,  6385.24
  6570.0 ,  6395.42
  6580.0 ,  6405.61
  6590.0 ,  6415.80
  6600.0 ,  6425.98
  6610.0 ,  6436.13
  6620.0 ,  6446.25
  6630.0 ,  6456.33
  6640.0 ,  6466.37
  6650.0 ,  6476.35
  6660.0 ,  6486.28
  6670.0 ,  6496.15
  6680.0 ,  6505.97
  6690.0 ,  6515.73
  6700.0 ,  6525.44
  6710.0 ,  6535.10
  6720.0 ,  6544.73
  6730.0 ,  6554.31
  6740.0 ,  6563.88
  6750.0 ,  6573.42
  6760.0 ,  6582.96
  6770.0 ,  6592.49
  6780.0 ,  6602.04
  6790.0 ,  6611.60
  6800.0 ,  6621.19
  6810.0 ,  6630.81
  6820.0 ,  6640.46
  6830.0 ,  6650.17
  6840.0 ,  6659.93
  6850.0 ,  6669.74
  6860.0 ,  6679.61
  6870.0 ,  6689.54
  6880.0 ,  6699.52
  6890.0 ,  6709.55
  6900.0 ,  6719.63
  6910.0 ,  6729.75
  6920.0 ,  6739.90
  6930.0 ,  6750.08
  6940.0 ,  6760.27
  6950.0 ,  6770.46
  6960.0 ,  6780.64
  6970.0 ,  6790.81
  6980.0 ,  6800.95
  6990.0 ,  6811.06
  7000.0 ,  6821.12
  7010.0 ,  6831.13
  7020.0 ,  6841.09
  7030.0 ,  6850.99
  7040.0 ,  6860.84
  7050.0 ,  6870.62
  7060.0 ,  6880.36
  7070.0 ,  6890.05
  7080.0 ,  6899.69
  7090.0 ,  6909.30
  7100.0 ,  6918.87
  7110.0 ,  6928.42
  7120.0 ,  6937.96
  7130.0 ,  6947.50
  7140.0 ,  6957.03
  7150.0 ,  6966.59
  7160.0 ,  6976.16
  7170.0 ,  6985.76
  7180.0 ,  6995.40
  7190.0 ,  7005.08
  7200.0 ,  7014.81
  7210.0 ,  7024.59
  7220.0 ,  7034.43
  7230.0 ,  7044.32
  7240.0 ,  7054.28
  7250.0 ,  7064.28
  7260.0 ,  7074.33
  7270.0 ,  7084.44
  7280.0 ,  7094.57
  7290.0 ,  7104.74
  7300.0 ,  7114.92
  7310.0 ,  7125.11
  7320.0 ,  7135.30
  7330.0 ,  7145.48
  7340.0 ,  7155.64
  7350.0 ,  7165.76
  7360.0 ,  7175.85
  7370.0 ,  7185.89
  7380.0 ,  7195.87
  7390.0 ,  7205.80
  7400.0 ,  7215.68
  7410.0 ,  7225.50
  7420.0 ,  7235.26
  7430.0 ,  7244.97
  7440.0 ,  7254.64
  7450.0 ,  7264.26
  7460.0 ,  7273.85
  7470.0 ,  7283.41
  7480.0 ,  7292.96
  7490.0 ,  7302.50
  7500.0 ,  7312.03
  7510.0 ,  7321.58
  7520.0 ,  7331.14
  7530.0 ,  7340.72
  7540.0 ,  7350.34
  7550.0 ,  7360.00
  7560.0 ,  7369.70
  7570.0 ,  7379.46
  7580.0 ,  7389.27
  7590.0 ,  7399.13
  7600.0 ,  7409.06
  7610.0 ,  7419.03
  7620.0 ,  7429.06
  7630.0 ,  7439.14
  7640.0 ,  7449.26
  7650.0 ,  7459.41
  7660.0 ,  7469.58
  7670.0 ,  7479.77
  7680.0 ,  7489.96
  7690.0 ,  7500.15
  7700.0 ,  7510.32
  7710.0 ,  7520.46
  7720.0 ,  7530.57
  7730.0 ,  7540.63
  7740.0 ,  7550.64
  7750.0 ,  7560.60
  7760.0 ,  7570.51
  7770.0 ,  7580.35
  7780.0 ,  7590.15
  7790.0 ,  7599.88
  7800.0 ,  7609.57
  7810.0 ,  7619.22
  7820.0 ,  7628.83
  7830.0 ,  7638.40
  7840.0 ,  7647.96
  7850.0 ,  7657.50
  7860.0 ,  7667.03
  7870.0 ,  7676.57
  7880.0 ,  7686.12
  7890.0 ,  7695.69
  7900.0 ,  7705.29
  7910.0 ,  7714.93
  7920.0 ,  7724.61
  7930.0 ,  7734.34
  7940.0 ,  7744.12
  7950.0 ,  7753.95
  7960.0 ,  7763.85
  7970.0 ,  7773.79
  7980.0 ,  7783.80
  7990.0 ,  7793.85
  8000.0 ,  7803.95
  8010.0 ,  7814.08
  8020.0 ,  7824.24
  8030.0 ,  7834.42
  8040.0 ,  7844.62
  8050.0 ,  7854.81
  8060.0 ,  7864.98
  8070.0 ,  7875.14
  8080.0 ,  7885.27
  8090.0 ,  7895.35
  8100.0 ,  7905.40
  8110.0 ,  7915.39
  8120.0 ,  7925.32
  8130.0 ,  7935.20
  8140.0 ,  7945.02
  8150.0 ,  7954.79
  8160.0 ,  7964.51
  8170.0 ,  7974.17
  8180.0 ,  7983.80
  8190.0 ,  7993.39
  8200.0 ,  8002.96
  8210.0 ,  8012.50
  8220.0 ,  8022.04
  8230.0 ,  8031.58
  8240.0 ,  8041.12
  8250.0 ,  8050.68
  8260.0 ,  8060.26
  8270.0 ,  8069.88
  8280.0 ,  8079.54
  8290.0 ,  8089.23
  8300.0 ,  8098.99
  8310.0 ,  8108.79
  8320.0 ,  8118.65
  8330.0 ,  8128.57
  8340.0 ,  8138.55
  8350.0 ,  8148.57
  8360.0 ,  8158.65
  8370.0 ,  8168.77
  8380.0 ,  8178.91
  8390.0 ,  8189.08
  8400.0 ,  8199.27
  8410.0 ,  8209.46
  8420.0 ,  8219.65
  8430.0 ,  8229.82
  8440.0 ,  8239.96
  8450.0 ,  8250.07
  8460.0 ,  8260.14
  8470.0 ,  8270.15
  8480.0 ,  8280.12
  8490.0 ,  8290.03
  8500.0 ,  8299.88
  8510.0 ,  8309.67
  8520.0 ,  8319.42
  8530.0 ,  8329.11
  8540.0 ,  8338.76
  8550.0 ,  8348.37
  8560.0 ,  8357.94
  8570.0 ,  8367.50
  8580.0 ,  8377.04
  8590.0 ,  8386.57
  8600.0 ,  8396.11
  8610.0 ,  8405.66
  8620.0 ,  8415.23
  8630.0 ,  8424.83
  8640.0 ,  8434.47
  8650.0 ,  8444.14
  8660.0 ,  8453.87
  8670.0 ,  8463.64
  8680.0 ,  8473.47
  8690.0 ,  8483.37
  8700.0 ,  8493.31
  8710.0 ,  8503.31
  8720.0 ,  8513.36
  8730.0 ,  8523.46
  8740.0 ,  8533.59
  8750.0 ,  8543.75
  8760.0 ,  8553.93
  8770.0 ,  8564.12
  8780.0 ,  8574.32
  8790.0 ,  8584.49
  8800.0 ,  8594.65
  8810.0 ,  8604.78
  8820.0 ,  8614.87
  8830.0 ,  8624.91
  8840.0 ,  8634.90
  8850.0 ,  8644.84
  8860.0 ,  8654.72
  8870.0 ,  8664.55
  8880.0 ,  8674.31
  8890.0 ,  8684.03
  8900.0 ,  8693.70
  8910.0 ,  8703.33
  8920.0 ,  8712.92
  8930.0 ,  8722.49
  8940.0 ,  8732.04
  8950.0 ,  8741.57
  8960.0 ,  8751.11
  8970.0 ,  8760.65
  8980.0 ,  8770.21
  8990.0 ,  8779.79
  9000.0 ,  8789.41
  9010.0 ,  8799.06
  9020.0 ,  8808.76
  9030.0 ,  8818.51
  9040.0 ,  8828.31
  9050.0 ,  8838.17
  9060.0 ,  8848.09
  9070.0 ,  8858.06
  9080.0 ,  8868.09
  9090.0 ,  8878.16
  9100.0 ,  8888.27
  9110.0 ,  8898.42
  9120.0 ,  8908.59
  9130.0 ,  8918.78
  9140.0 ,  8928.97
  9150.0 ,  8939.16
  9160.0 ,  8949.33
  9170.0 ,  8959.47
  9180.0 ,  8969.58
  9190.0 ,  8979.65
  9200.0 ,  8989.67
  9210.0 ,  8999.63
  9220.0 ,  9009.54
  9230.0 ,  9019.40
  9240.0 ,  9029.19
  9250.0 ,  9038.94
  9260.0 ,  9048.64
  9270.0 ,  9058.28
  9280.0 ,  9067.90
  9290.0 ,  9077.48
  9300.0 ,  9087.03
  9310.0 ,  9096.58
  9320.0 ,  9106.11
  9330.0 ,  9115.65
  9340.0 ,  9125.20
  9350.0 ,  9134.77
  9360.0 ,  9144.36
  9370.0 ,  9154.00
  9380.0 ,  9163.68
  9390.0 ,  9173.40
  9400.0 ,  9183.17
  9410.0 ,  9193.00
  9420.0 ,  9202.89
  9430.0 ,  9212.83
  9440.0 ,  9222.83
  9450.0 ,  9232.87
  9460.0 ,  9242.97
  9470.0 ,  9253.10
  9480.0 ,  9263.26
  9490.0 ,  9273.44
  9500.0 ,  9283.63
  9510.0 ,  9293.82
  9520.0 ,  9304.00
  9530.0 ,  9314.16
  9540.0 ,  9324.28
  9550.0 ,  9334.38
  9560.0 ,  9344.42
  9570.0 ,  9354.41
  9580.0 ,  9364.36
  9590.0 ,  9374.24
  9600.0 ,  9384.06
  9610.0 ,  9393.84
  9620.0 ,  9403.56
  9630.0 ,  9413.23
  9640.0 ,  9422.86
  9650.0 ,  9432.46
  9660.0 ,  9442.03
  9670.0 ,  9451.58
  9680.0 ,  9461.11
  9690.0 ,  9470.65
  9700.0 ,  9480.19
  9710.0 ,  9489.75
  9720.0 ,  9499.33
  9730.0 ,  9508.95
  9740.0 ,  9518.60
  9750.0 ,  9528.29
  9760.0 ,  9538.04
  9770.0 ,  9547.84
  9780.0 ,  9557.70
  9790.0 ,  9567.61
  9800.0 ,  9577.58
  9810.0 ,  9587.60
  9820.0 ,  9597.67
  9830.0 ,  9607.78
  9840.0 ,  9617.93
  9850.0 ,  9628.10
  9860.0 ,  9638.28
  9870.0 ,  9648.48
  9880.0 ,  9658.67
  9890.0 ,  9668.83
  9900.0 ,  9678.98
  9910.0 ,  9689.10
  9920.0 ,  9699.16
  9930.0 ,  9709.19
  9940.0 ,  9719.16
  9950.0 ,  9729.07
  9960.0 ,  9738.93
  9970.0 ,  9748.73
  9980.0 ,  9758.47
  9990.0 ,  9768.17
 10000.0 ,  9777.82
 10010.0 ,  9787.43
 10020.0 ,  9797.02
 10030.0 ,  9806.57
 10040.0 ,  9816.11
 10050.0 ,  9825.65
 10060.0 ,  9835.19
 10070.0 ,  9844.73
 10080.0 ,  9854.30
 10090.0 ,  9863.90
 10100.0 ,  9873.53
 10110.0 ,  9883.20
 10120.0 ,  9892.92
 10130.0 ,  9902.69
 10140.0 ,  9912.52
 10150.0 ,  9922.41
 10160.0 ,  9932.34
 10170.0 ,  9942.34
 10180.0 ,  9952.39
 10190.0 ,  9962.48
 10200.0 ,  9972.61
 10210.0 ,  9982.76
 10220.0 ,  9992.94
 10230.0 , 10003.14
 10240.0 , 10013.32
 10250.0 , 10023.51
 10260.0 , 10033.67
 10270.0 , 10043.80
 10280.0 , 10053.89
 10290.0 , 10063.94
 10300.0 , 10073.93
 10310.0 , 10083.88
 10320.0 , 10093.77
 10330.0 , 10103.59
 10340.0 , 10113.37
 10350.0 , 10123.09
 10360.0 , 10132.77
 10370.0 , 10142.40
 10380.0 , 10152.00
 10390.0 , 10161.56
 10400.0 , 10171.11
 10410.0 , 10180.65
 10420.0 , 10190.18
 10430.0 , 10199.73
 10440.0 , 10209.28
 10450.0 , 10218.86
 10460.0 , 10228.47
 10470.0 , 10238.13
 10480.0 , 10247.82
 10490.0 , 10257.56
 10500.0 , 10267.36
 10510.0 , 10277.22
 10520.0 , 10287.13
 10530.0 , 10297.10
 10540.0 , 10307.12
 10550.0 , 10317.19
 10560.0 , 10327.30
 10570.0 , 10337.44
 10580.0 , 10347.61
 10590.0 , 10357.80
 10600.0 , 10367.99
 10610.0 , 10378.18
 10620.0 , 10388.35
 10630.0 , 10398.49
 10640.0 , 10408.61
 10650.0 , 10418.68
 10660.0 , 10428.70
 10670.0 , 10438.67
 10680.0 , 10448.59
 10690.0 , 10458.45
 10700.0 , 10468.25
 10710.0 , 10478.00
 10720.0 , 10487.70
 10730.0 , 10497.36
 10740.0 , 10506.97
 10750.0 , 10516.55
 10760.0 , 10526.11
 10770.0 , 10535.65
 10780.0 , 10545.18
 10790.0 , 10554.72
 10800.0 , 10564.27
 10810.0 , 10573.83
 10820.0 , 10583.43
 10830.0 , 10593.06
 10840.0 , 10602.73
 10850.0 , 10612.45
 10860.0 , 10622.22
 10870.0 , 10632.04
 10880.0 , 10641.93
 10890.0 , 10651.86
 10900.0 , 10661.85
 10910.0 , 10671.90
 10920.0 , 10681.99
 10930.0 , 10692.11
 10940.0 , 10702.28
 10950.0 , 10712.45
 10960.0 , 10722.64
 10970.0 , 10732.84
 10980.0 , 10743.01
 10990.0 , 10753.18
 11000.0 , 10763.31
 11010.0 , 10773.40
 11020.0 , 10783.45
 11030.0 , 10793.45
 11040.0 , 10803.40
 11050.0 , 10813.29
 11060.0 , 10823.12
 11070.0 , 10832.90
 11080.0 , 10842.63
 11090.0 , 10852.31
 11100.0 , 10861.94
 11110.0 , 10871.54
 11120.0 , 10881.11
 11130.0 , 10890.66
 11140.0 , 10900.20
 11150.0 , 10909.73
 11160.0 , 10919.27
 11170.0 , 10928.83
 11180.0 , 10938.40
 11190.0 , 10948.01
 11200.0 , 10957.66
 11210.0 , 10967.35
 11220.0 , 10977.09
 11230.0 , 10986.89
 11240.0 , 10996.74
 11250.0 , 11006.64
 11260.0 , 11016.61
 11270.0 , 11026.63
 11280.0 , 11036.69
 11290.0 , 11046.80
 11300.0 , 11056.94
 11310.0 , 11067.11
 11320.0 , 11077.30
 11330.0 , 11087.49
 11340.0 , 11097.68
 11350.0 , 11107.85
 11360.0 , 11118.00
 11370.0 , 11128.11
 11380.0 , 11138.19
 11390.0 , 11148.22
 11400.0 , 11158.19
 11410.0 , 11168.11
 11420.0 , 11177.98
 11430.0 , 11187.78
 11440.0 , 11197.54
 11450.0 , 11207.24
 11460.0 , 11216.89
 11470.0 , 11226.51
 11480.0 , 11236.09
 11490.0 , 11245.65
 11500.0 , 11255.20
 11510.0 , 11264.73
 11520.0 , 11274.27
 11530.0 , 11283.82
 11540.0 , 11293.38
 11550.0 , 11302.97
 11560.0 , 11312.60
 11570.0 , 11322.26
 11580.0 , 11331.98
 11590.0 , 11341.75
 11600.0 , 11351.56
 11610.0 , 11361.44
 11620.0 , 11371.38
 11630.0 , 11381.37
 11640.0 , 11391.41
 11650.0 , 11401.50
 11660.0 , 11411.62
 11670.0 , 11421.78
 11680.0 , 11431.96
 11690.0 , 11442.15
 11700.0 , 11452.34
 11710.0 , 11462.52
 11720.0 , 11472.68
 11730.0 , 11482.82
 11740.0 , 11492.92
 11750.0 , 11502.97
 11760.0 , 11512.97
 11770.0 , 11522.92
 11780.0 , 11532.81
 11790.0 , 11542.65
 11800.0 , 11552.43
 11810.0 , 11562.16
 11820.0 , 11571.84
 11830.0 , 11581.47
 11840.0 , 11591.07
 11850.0 , 11600.65
 11860.0 , 11610.19
 11870.0 , 11619.73
 11880.0 , 11629.27
 11890.0 , 11638.81
 11900.0 , 11648.36
 11910.0 , 11657.94
 11920.0 , 11667.54
 11930.0 , 11677.19
 11940.0 , 11686.88
 11950.0 , 11696.62
 11960.0 , 11706.41
 11970.0 , 11716.26
 11980.0 , 11726.16
 11990.0 , 11736.12
 12000.0 , 11746.14
 12010.0 , 11756.20
 12020.0 , 11766.30
 12030.0 , 11776.45
 12040.0 , 11786.61
 12050.0 , 11796.80
 12060.0 , 11806.99
 12070.0 , 11817.18
 12080.0 , 11827.35
 12090.0 , 11837.51
 12100.0 , 11847.62
 12110.0 , 11857.70
 12120.0 , 11867.73
 12130.0 , 11877.71
 12140.0 , 11887.63
 12150.0 , 11897.50
 12160.0 , 11907.31
 12170.0 , 11917.06
 12180.0 , 11926.77
 12190.0 , 11936.43
 12200.0 , 11946.04
 12210.0 , 11955.63
 12220.0 , 11965.19
 12230.0 , 11974.73
 12240.0 , 11984.27
 12250.0 , 11993.80
 12260.0 , 12003.35
 12270.0 , 12012.92
 12280.0 , 12022.51
 12290.0 , 12032.13
 12300.0 , 12041.80
 12310.0 , 12051.51
 12320.0 , 12061.27
 12330.0 , 12071.09
 12340.0 , 12080.97
 12350.0 , 12090.90
 12360.0 , 12100.89
 12370.0 , 12110.92
 12380.0 , 12121.00
 12390.0 , 12131.13
 12400.0 , 12141.28
 12410.0 , 12151.46
 12420.0 , 12161.65
 12430.0 , 12171.84
 12440.0 , 12182.02
 12450.0 , 12192.19
 12460.0 , 12202.32
 12470.0 , 12212.42
 12480.0 , 12222.48
 12490.0 , 12232.48
 12500.0 , 12242.44
 12510.0 , 12252.33
 12520.0 , 12262.17
 12530.0 , 12271.96
 12540.0 , 12281.69
 12550.0 , 12291.37
 12560.0 , 12301.01
 12570.0 , 12310.61
 12580.0 , 12320.18
 12590.0 , 12329.74
 12600.0 , 12339.27
 12610.0 , 12348.81
 12620.0 , 12358.35
 12630.0 , 12367.90
 12640.0 , 12377.47
 12650.0 , 12387.08
 12660.0 , 12396.72
 12670.0 , 12406.41
 12680.0 , 12416.15
 12690.0 , 12425.94
 12700.0 , 12435.78
 12710.0 , 12445.69
 12720.0 , 12455.64
 12730.0 , 12465.65
 12740.0 , 12475.71
 12750.0 , 12485.81
 12760.0 , 12495.95
 12770.0 , 12506.12
 12780.0 , 12516.30
 12790.0 , 12526.50
 12800.0 , 12536.69
 12810.0 , 12546.86
 12820.0 , 12557.01
 12830.0 , 12567.13
 12840.0 , 12577.21
 12850.0 , 12587.24
 12860.0 , 12597.23
 12870.0 , 12607.15
 12880.0 , 12617.02
 12890.0 , 12626.84
 12900.0 , 12636.59
 12910.0 , 12646.30
 12920.0 , 12655.97
 12930.0 , 12665.58
 12940.0 , 12675.17
 12950.0 , 12684.74
 12960.0 , 12694.28
 12970.0 , 12703.81
 12980.0 , 12713.35
 12990.0 , 12722.89
 13000.0 , 12732.46
 13010.0 , 12742.04
 13020.0 , 12751.66
 13030.0 , 12761.33
 13040.0 , 12771.04
 13050.0 , 12780.79
 13060.0 , 12790.61
 13070.0 , 12800.48
 13080.0 , 12810.41
 13090.0 , 12820.40
 13100.0 , 12830.43
 13110.0 , 12840.51
 13120.0 , 12850.63
 13130.0 , 12860.79
 13140.0 , 12870.96
 13150.0 , 12881.15
 13160.0 , 12891.34
 13170.0 , 12901.53
 13180.0 , 12911.69
 13190.0 , 12921.83
 13200.0 , 12931.93
 13210.0 , 12941.99
 13220.0 , 12952.00
 13230.0 , 12961.95
 13240.0 , 12971.85
 13250.0 , 12981.69
 13260.0 , 12991.48
 13270.0 , 13001.22
 13280.0 , 13010.90
 13290.0 , 13020.54
 13300.0 , 13030.15
 13310.0 , 13039.72
 13320.0 , 13049.27
 13330.0 , 13058.81
 13340.0 , 13068.35
 13350.0 , 13077.88
 13360.0 , 13087.44
 13370.0 , 13097.01
 13380.0 , 13106.62
 13390.0 , 13116.26
 13400.0 , 13125.94
 13410.0 , 13135.67
 13420.0 , 13145.46
 13430.0 , 13155.30
 13440.0 , 13165.20
 13450.0 , 13175.16
 13460.0 , 13185.17
 13470.0 , 13195.22
 13480.0 , 13205.33
 13490.0 , 13215.46
 13500.0 , 13225.63
 13510.0 , 13235.81
 13520.0 , 13246.00
 13530.0 , 13256.19
 13540.0 , 13266.37
 13550.0 , 13276.52
 13560.0 , 13286.64
 13570.0 , 13296.72
 13580.0 , 13306.76
 13590.0 , 13316.74
 13600.0 , 13326.67
 13610.0 , 13336.54
 13620.0 , 13346.35
 13630.0 , 13356.12
 13640.0 , 13365.82
 13650.0 , 13375.49
 13660.0 , 13385.11
 13670.0 , 13394.70
 13680.0 , 13404.26
 13690.0 , 13413.81
 13700.0 , 13423.34
 13710.0 , 13432.88
 13720.0 , 13442.43
 13730.0 , 13451.99
 13740.0 , 13461.58
 13750.0 , 13471.20
 13760.0 , 13480.86
 13770.0 , 13490.57
 13780.0 , 13500.33
 13790.0 , 13510.14
 13800.0 , 13520.01
 13810.0 , 13529.93
 13820.0 , 13539.91
 13830.0 , 13549.95
 13840.0 , 13560.02
 13850.0 , 13570.14
 13860.0 , 13580.30
 13870.0 , 13590.47
 13880.0 , 13600.66
 13890.0 , 13610.85
 13900.0 , 13621.03
 13910.0 , 13631.20
 13920.0 , 13641.34
 13930.0 , 13651.44
 13940.0 , 13661.50
 13950.0 , 13671.52
 13960.0 , 13681.47
 13970.0 , 13691.37
 13980.0 , 13701.22
 13990.0 , 13711.01
 14000.0 , 13720.74
 14010.0 , 13730.43
 14020.0 , 13740.07
 14030.0 , 13749.68
 14040.0 , 13759.26
 14050.0 , 13768.81
 14060.0 , 13778.35
 14070.0 , 13787.89
 14080.0 , 13797.42
 14090.0 , 13806.98
 14100.0 , 13816.55
 14110.0 , 13826.15
 14120.0 , 13835.79
 14130.0 , 13845.48
 14140.0 , 13855.21
 14150.0 , 13864.99
 14160.0 , 13874.83
 14170.0 , 13884.72
 14180.0 , 13894.68
 14190.0 , 13904.68
 14200.0 , 13914.73
 14210.0 , 13924.83
 14220.0 , 13934.97
 14230.0 , 13945.13
 14240.0 , 13955.32
 14250.0 , 13965.51
 14260.0 , 13975.69
 14270.0 , 13985.87
 14280.0 , 13996.03
 14290.0 , 14006.15
 14300.0 , 14016.24
 14310.0 , 14026.27
 14320.0 , 14036.26
 14330.0 , 14046.19
 14340.0 , 14056.07
 14350.0 , 14065.88
 14360.0 , 14075.65
 14370.0 , 14085.36
 14380.0 , 14095.02
 14390.0 , 14104.65
 14400.0 , 14114.24
 14410.0 , 14123.80
 14420.0 , 14133.35
 14430.0 , 14142.89
 14440.0 , 14152.42
 14450.0 , 14161.97
 14460.0 , 14171.53
 14470.0 , 14181.11
 14480.0 , 14190.73
 14490.0 , 14200.39
 14500.0 , 14210.09
 14510.0 , 14219.85
 14520.0 , 14229.66
 14530.0 , 14239.53
 14540.0 , 14249.45
 14550.0 , 14259.43
 14560.0 , 14269.46
 14570.0 , 14279.54
 14580.0 , 14289.65
 14590.0 , 14299.80
 14600.0 , 14309.98
 14610.0 , 14320.17
 14620.0 , 14330.36
 14630.0 , 14340.55
 14640.0 , 14350.71
 14650.0 , 14360.85
 14660.0 , 14370.96
 14670.0 , 14381.02
 14680.0 , 14391.03
 14690.0 , 14401.00
 14700.0 , 14410.90
 14710.0 , 14420.75
 14720.0 , 14430.54
 14730.0 , 14440.27
 14740.0 , 14449.96
 14750.0 , 14459.61
 14760.0 , 14469.21
 14770.0 , 14478.79
 14780.0 , 14488.35
 14790.0 , 14497.88
 14800.0 , 14507.42
 14810.0 , 14516.96
 14820.0 , 14526.51
 14830.0 , 14536.08
 14840.0 , 14545.68
 14850.0 , 14555.32
 14860.0 , 14565.00
 14870.0 , 14574.73
 14880.0 , 14584.51
 14890.0 , 14594.35
 14900.0 , 14604.24
 14910.0 , 14614.19
 14920.0 , 14624.19
 14930.0 , 14634.25
 14940.0 , 14644.34
 14950.0 , 14654.48
 14960.0 , 14664.64
 14970.0 , 14674.82
 14980.0 , 14685.02
 14990.0 , 14695.21
 15000.0 , 14705.38
 15010.0 , 14715.54
 15020.0 , 14725.66
 15030.0 , 14735.75
 15040.0 , 14745.79
 15050.0 , 14755.78
 15060.0 , 14765.71
 15070.0 , 14775.59
 15080.0 , 14785.41
 15090.0 , 14795.17
 15100.0 , 14804.89
 15110.0 , 14814.56
 15120.0 , 14824.18
 15130.0 , 14833.78
 15140.0 , 14843.34
 15150.0 , 14852.89
 15160.0 , 14862.43
 15170.0 , 14871.96
 15180.0 , 14881.50
 15190.0 , 14891.07
 15200.0 , 14900.65
 15210.0 , 14910.26
 15220.0 , 14919.92
 15230.0 , 14929.62
 15240.0 , 14939.38
 15250.0 , 14949.19
 15260.0 , 14959.05
 15270.0 , 14968.97
 15280.0 , 14978.95
 15290.0 , 14988.97
 15300.0 , 14999.05
 15310.0 , 15009.17
 15320.0 , 15019.31
 15330.0 , 15029.49
 15340.0 , 15039.68
 15350.0 , 15049.86
 15360.0 , 15060.05
 15370.0 , 15070.22
 15380.0 , 15080.36
 15390.0 , 15090.47
 15400.0 , 15100.53
 15410.0 , 15110.55
 15420.0 , 15120.51
 15430.0 , 15130.42
 15440.0 , 15140.27
 15450.0 , 15150.06
 15460.0 , 15159.81
 15470.0 , 15169.49
 15480.0 , 15179.14
 15490.0 , 15188.75
 15500.0 , 15198.33
 15510.0 , 15207.89
 15520.0 , 15217.43
 15530.0 , 15226.96
 15540.0 , 15236.50
 15550.0 , 15246.05
 15560.0 , 15255.62
 15570.0 , 15265.22
 15580.0 , 15274.86
 15590.0 , 15284.53
 15600.0 , 15294.26
 15610.0 , 15304.04
 15620.0 , 15313.87
 15630.0 , 15323.76
 15640.0 , 15333.71
 15650.0 , 15343.71
 15660.0 , 15353.76
 15670.0 , 15363.85
 15680.0 , 15373.98
 15690.0 , 15384.15
 15700.0 , 15394.33
 15710.0 , 15404.52
 15720.0 , 15414.71
 15730.0 , 15424.89
 15740.0 , 15435.05
 15750.0 , 15445.18
 15760.0 , 15455.26
 15770.0 , 15465.31
 15780.0 , 15475.30
 15790.0 , 15485.24
 15800.0 , 15495.12
 15810.0 , 15504.94
 15820.0 , 15514.71
 15830.0 , 15524.43
 15840.0 , 15534.10
 15850.0 , 15543.73
 15860.0 , 15553.32
 15870.0 , 15562.89
 15880.0 , 15572.43
 15890.0 , 15581.97
 15900.0 , 15591.50
 15910.0 , 15601.04
 15920.0 , 15610.60
 15930.0 , 15620.19
 15940.0 , 15629.80
 15950.0 , 15639.45
 15960.0 , 15649.15
 15970.0 , 15658.90
 15980.0 , 15668.71
 15990.0 , 15678.57
 16000.0 , 15688.48
 16010.0 , 15698.45
 16020.0 , 15708.48
 16030.0 , 15718.55
 16040.0 , 15728.67
 16050.0 , 15738.82
 16060.0 , 15748.99
 16070.0 , 15759.17
 16080.0 , 15769.37
 16090.0 , 15779.55
 16100.0 , 15789.73
 16110.0 , 15799.87
 16120.0 , 15809.98
 16130.0 , 15820.05
 16140.0 , 15830.07
 16150.0 , 15840.03
 16160.0 , 15849.94
 16170.0 , 15859.80
 16180.0 , 15869.59
 16190.0 , 15879.34
 16200.0 , 15889.03
 16210.0 , 15898.68
 16220.0 , 15908.29
 16230.0 , 15917.87
 16240.0 , 15927.42
 16250.0 , 15936.97
 16260.0 , 15946.50
 16270.0 , 15956.04
 16280.0 , 15965.59
 16290.0 , 15975.16
 16300.0 , 15984.75
 16310.0 , 15994.39
 16320.0 , 16004.06
 16330.0 , 16013.78
 16340.0 , 16023.56
 16350.0 , 16033.39
 16360.0 , 16043.28
 16370.0 , 16053.22
 16380.0 , 16063.22
 16390.0 , 16073.27
 16400.0 , 16083.36
 16410.0 , 16093.49
 16420.0 , 16103.65
 16430.0 , 16113.84
 16440.0 , 16124.02
 16450.0 , 16134.21
 16460.0 , 16144.40
 16470.0 , 16154.55
 16480.0 , 16164.68
 16490.0 , 16174.78
 16500.0 , 16184.82
 16510.0 , 16194.81
 16520.0 , 16204.75
 16530.0 , 16214.64
 16540.0 , 16224.46
 16550.0 , 16234.24
 16560.0 , 16243.95
 16570.0 , 16253.63
 16580.0 , 16263.26
 16590.0 , 16272.85
 16600.0 , 16282.42
 16610.0 , 16291.97
 16620.0 , 16301.50
 16630.0 , 16311.04
 16640.0 , 16320.58
 16650.0 , 16330.14
 16660.0 , 16339.72
 16670.0 , 16349.33
 16680.0 , 16358.98
 16690.0 , 16368.68
 16700.0 , 16378.43
 16710.0 , 16388.23
 16720.0 , 16398.09
 16730.0 , 16408.01
 16740.0 , 16417.97
 16750.0 , 16428.00
 16760.0 , 16438.07
 16770.0 , 16448.17
 16780.0 , 16458.32
 16790.0 , 16468.49
 16800.0 , 16478.68
 16810.0 , 16488.87
 16820.0 , 16499.06
 16830.0 , 16509.23
 16840.0 , 16519.37
 16850.0 , 16529.49
 16860.0 , 16539.55
 16870.0 , 16549.58
 16880.0 , 16559.55
 16890.0 , 16569.46
 16900.0 , 16579.32
 16910.0 , 16589.12
 16920.0 , 16598.87
 16930.0 , 16608.57
 16940.0 , 16618.22
 16950.0 , 16627.83
 16960.0 , 16637.41
 16970.0 , 16646.97
 16980.0 , 16656.51
 16990.0 , 16666.05
 17000.0 , 16675.58
 17010.0 , 16685.13
 17020.0 , 16694.70
 17030.0 , 16704.29
 17040.0 , 16713.92
 17050.0 , 16723.60
 17060.0 , 16733.32
 17070.0 , 16743.09
 17080.0 , 16752.92
 17090.0 , 16762.80
 17100.0 , 16772.74
 17110.0 , 16782.74
 17120.0 , 16792.78
 17130.0 , 16802.87
 17140.0 , 16813.00
 17150.0 , 16823.16
 17160.0 , 16833.33
 17170.0 , 16843.53
 17180.0 , 16853.72
 17190.0 , 16863.90
 17200.0 , 16874.06
 17210.0 , 16884.19
 17220.0 , 16894.28
 17230.0 , 16904.33
 17240.0 , 16914.32
 17250.0 , 16924.27
 17260.0 , 16934.16
 17270.0 , 16943.99
 17280.0 , 16953.76
 17290.0 , 16963.49
 17300.0 , 16973.16
 17310.0 , 16982.79
 17320.0 , 16992.39
 17330.0 , 17001.96
 17340.0 , 17011.51
 17350.0 , 17021.05
 17360.0 , 17030.58
 17370.0 , 17040.12
 17380.0 , 17049.68
 17390.0 , 17059.26
 17400.0 , 17068.87
 17410.0 , 17078.52
 17420.0 , 17088.21
 17430.0 , 17097.96
 17440.0 , 17107.76
 17450.0 , 17117.61
 17460.0 , 17127.52
 17470.0 , 17137.49
 17480.0 , 17147.51
 17490.0 , 17157.58
 17500.0 , 17167.69
 17510.0 , 17177.83
 17520.0 , 17188.00
 17530.0 , 17198.19
 17540.0 , 17208.38
 17550.0 , 17218.57
 17560.0 , 17228.74
 17570.0 , 17238.88
 17580.0 , 17249.00
 17590.0 , 17259.07
 17600.0 , 17269.09
 17610.0 , 17279.07
 17620.0 , 17288.98
 17630.0 , 17298.84
 17640.0 , 17308.65
 17650.0 , 17318.39
 17660.0 , 17328.09
 17670.0 , 17337.75
 17680.0 , 17347.36
 17690.0 , 17356.94
 17700.0 , 17366.50
 17710.0 , 17376.05
 17720.0 , 17385.58
 17730.0 , 17395.12
 17740.0 , 17404.66
 17750.0 , 17414.23
 17760.0 , 17423.83
 17770.0 , 17433.45
 17780.0 , 17443.12
 17790.0 , 17452.84
 17800.0 , 17462.61
 17810.0 , 17472.43
 17820.0 , 17482.32
 17830.0 , 17492.25
 17840.0 , 17502.25
 17850.0 , 17512.29
 17860.0 , 17522.38
 17870.0 , 17532.51
 17880.0 , 17542.67
 17890.0 , 17552.84
 17900.0 , 17563.03
 17910.0 , 17573.23
 17920.0 , 17583.40
 17930.0 , 17593.57
 17940.0 , 17603.70
 17950.0 , 17613.79
 17960.0 , 17623.84
 17970.0 , 17633.84
 17980.0 , 17643.79
 17990.0 , 17653.68
 18000.0 , 17663.51
 18010.0 , 17673.28
 18020.0 , 17683.01
 18030.0 , 17692.69
 18040.0 , 17702.32
 18050.0 , 17711.92
 18060.0 , 17721.50
 18070.0 , 17731.04
 18080.0 , 17740.58
 18090.0 , 17750.12
 18100.0 , 17759.66
 18110.0 , 17769.22
 18120.0 , 17778.80
 18130.0 , 17788.40
 18140.0 , 17798.05
 18150.0 , 17807.75
 18160.0 , 17817.49
 18170.0 , 17827.29
 18180.0 , 17837.14
 18190.0 , 17847.04
 18200.0 , 17857.01
 18210.0 , 17867.02
 18220.0 , 17877.09
 18230.0 , 17887.20
 18240.0 , 17897.34
 18250.0 , 17907.50
 18260.0 , 17917.69
 18270.0 , 17927.88
 18280.0 , 17938.07
 18290.0 , 17948.24
 18300.0 , 17958.39
 18310.0 , 17968.50
 18320.0 , 17978.58
 18330.0 , 17988.60
 18340.0 , 17998.58
 18350.0 , 18008.50
 18360.0 , 18018.36
 18370.0 , 18028.17
 18380.0 , 18037.92
 18390.0 , 18047.62
 18400.0 , 18057.28
 18410.0 , 18066.90
 18420.0 , 18076.48
 18430.0 , 18086.04
 18440.0 , 18095.59
 18450.0 , 18105.12
 18460.0 , 18114.66
 18470.0 , 18124.21
 18480.0 , 18133.77
 18490.0 , 18143.36
 18500.0 , 18152.99
 18510.0 , 18162.66
 18520.0 , 18172.37
 18530.0 , 18182.14
 18540.0 , 18191.96
 18550.0 , 18201.84
 18560.0 , 18211.78
 18570.0 , 18221.76
 18580.0 , 18231.80
 18590.0 , 18241.89
 18600.0 , 18252.01
 18610.0 , 18262.17
 18620.0 , 18272.35
 18630.0 , 18282.54
 18640.0 , 18292.73
 18650.0 , 18302.91
 18660.0 , 18313.07
 18670.0 , 18323.21
 18680.0 , 18333.31
 18690.0 , 18343.36
 18700.0 , 18353.36
 18710.0 , 18363.31
 18720.0 , 18373.20
 18730.0 , 18383.04
 18740.0 , 18392.82
 18750.0 , 18402.55
 18760.0 , 18412.23
 18770.0 , 18421.86
 18780.0 , 18431.46
 18790.0 , 18441.04
 18800.0 , 18450.59
 18810.0 , 18460.12
 18820.0 , 18469.66
 18830.0 , 18479.20
 18840.0 , 18488.75
 18850.0 , 18498.33
 18860.0 , 18507.94
 18870.0 , 18517.58
 18880.0 , 18527.27
 18890.0 , 18537.01
 18900.0 , 18546.80
 18910.0 , 18556.65
 18920.0 , 18566.56
 18930.0 , 18576.52
 18940.0 , 18586.54
 18950.0 , 18596.60
 18960.0 , 18606.70
 18970.0 , 18616.85
 18980.0 , 18627.01
 18990.0 , 18637.19
 19000.0 , 18647.39
 19010.0 , 18657.58
 19020.0 , 18667.75
 19030.0 , 18677.90
 19040.0 , 18688.02
 19050.0 , 18698.09
 19060.0 , 18708.13
 19070.0 , 18718.10
 19080.0 , 18728.02
 19090.0 , 18737.89
 19100.0 , 18747.70
 19110.0 , 18757.45
 19120.0 , 18767.16
 19130.0 , 18776.81
 19140.0 , 18786.43
 19150.0 , 18796.02
 19160.0 , 18805.58
 19170.0 , 18815.12
 19180.0 , 18824.66
 19190.0 , 18834.19
 19200.0 , 18843.74
 19210.0 , 18853.31
 19220.0 , 18862.89
 19230.0 , 18872.52
 19240.0 , 18882.19
 19250.0 , 18891.90
 19260.0 , 18901.66
 19270.0 , 18911.49
 19280.0 , 18921.36
 19290.0 , 18931.29
 19300.0 , 18941.28
 19310.0 , 18951.32
 19320.0 , 18961.40
 19330.0 , 18971.53
 19340.0 , 18981.68
 19350.0 , 18991.86
 19360.0 , 19002.05
 19370.0 , 19012.24
 19380.0 , 19022.42
 19390.0 , 19032.59
 19400.0 , 19042.72
 19410.0 , 19052.82
 19420.0 , 19062.87
 19430.0 , 19072.87
 19440.0 , 19082.83
 19450.0 , 19092.72
 19460.0 , 19102.56
 19470.0 , 19112.35
 19480.0 , 19122.07
 19490.0 , 19131.75
 19500.0 , 19141.40
 19510.0 , 19151.00
 19520.0 , 19160.57
 19530.0 , 19170.12
 19540.0 , 19179.66
 19550.0 , 19189.19
 19560.0 , 19198.74
 19570.0 , 19208.29
 19580.0 , 19217.86
 19590.0 , 19227.47
 19600.0 , 19237.11
 19610.0 , 19246.80
 19620.0 , 19256.54
 19630.0 , 19266.33
 19640.0 , 19276.17
 19650.0 , 19286.08
 19660.0 , 19296.04
 19670.0 , 19306.05
 19680.0 , 19316.11
 19690.0 , 19326.21
 19700.0 , 19336.35
 19710.0 , 19346.52
 19720.0 , 19356.70
 19730.0 , 19366.89
 19740.0 , 19377.09
 19750.0 , 19387.26
 19760.0 , 19397.41
 19770.0 , 19407.53
 19780.0 , 19417.61
 19790.0 , 19427.64
 19800.0 , 19437.62
 19810.0 , 19447.54
 19820.0 , 19457.41
 19830.0 , 19467.23
 19840.0 , 19476.98
 19850.0 , 19486.69
 19860.0 , 19496.35
 19870.0 , 19505.97
 19880.0 , 19515.56
 19890.0 , 19525.12
 19900.0 , 19534.67
 19910.0 , 19544.20
 19920.0 , 19553.74
 19930.0 , 19563.28
 19940.0 , 19572.85
 19950.0 , 19582.44
 19960.0 , 19592.06
 19970.0 , 19601.72
 19980.0 , 19611.43
 19990.0 , 19621.19
 20000.0 , 19631.01
 20010.0 , 19640.88
 20020.0 , 19650.81
 20030.0 , 19660.79
 20040.0 , 19670.83
 20050.0 , 19680.91
 20060.0 , 19691.03
 20070.0 , 19701.18
 20080.0 , 19711.36
 20090.0 , 19721.55
 20100.0 , 19731.74
 20110.0 , 19741.92
 20120.0 , 19752.09
 20130.0 , 19762.23
 20140.0 , 19772.33
 20150.0 , 19782.39
 20160.0 , 19792.39
 20170.0 , 19802.35
 20180.0 , 19812.25
 20190.0 , 19822.09
 20200.0 , 19831.87
 20210.0 , 19841.61
 20220.0 , 19851.29
 20230.0 , 19860.93
 20240.0 , 19870.54
 20250.0 , 19880.11
 20260.0 , 19889.66
 20270.0 , 19899.21
 20280.0 , 19908.74
 20290.0 , 19918.28
 20300.0 , 19927.83
 20310.0 , 19937.40
 20320.0 , 19947.01
 20330.0 , 19956.65
 20340.0 , 19966.33
 20350.0 , 19976.07
 20360.0 , 19985.86
 20370.0 , 19995.70
 20380.0 , 20005.59
 20390.0 , 20015.55
 20400.0 , 20025.56
 20410.0 , 20035.62
 20420.0 , 20045.72
 20430.0 , 20055.86
 20440.0 , 20066.02
 20450.0 , 20076.21
 20460.0 , 20086.40
 20470.0 , 20096.59
 20480.0 , 20106.77
 20490.0 , 20116.92
 20500.0 , 20127.04
 20510.0 , 20137.12
 20520.0 , 20147.16
 20530.0 , 20157.14
 20540.0 , 20167.07
 20550.0 , 20176.94
 20560.0 , 20186.75
 20570.0 , 20196.52
 20580.0 , 20206.22
 20590.0 , 20215.89
 20600.0 , 20225.51
 20610.0 , 20235.09
 20620.0 , 20244.66
 20630.0 , 20254.20
 20640.0 , 20263.74
 20650.0 , 20273.27
 20660.0 , 20282.82
 20670.0 , 20292.38
 20680.0 , 20301.97
 20690.0 , 20311.59
 20700.0 , 20321.25
 20710.0 , 20330.96
 20720.0 , 20340.72
 20730.0 , 20350.53
 20740.0 , 20360.40
 20750.0 , 20370.32
 20760.0 , 20380.30
 20770.0 , 20390.34
 20780.0 , 20400.42
 20790.0 , 20410.54
 20800.0 , 20420.69
 20810.0 , 20430.86
 20820.0 , 20441.05
 20830.0 , 20451.25
 20840.0 , 20461.43
 20850.0 , 20471.59
 20860.0 , 20481.74
 20870.0 , 20491.84
 20880.0 , 20501.90
 20890.0 , 20511.91
 20900.0 , 20521.87
 20910.0 , 20531.77
 20920.0 , 20541.61
 20930.0 , 20551.40
 20940.0 , 20561.14
 20950.0 , 20570.83
 20960.0 , 20580.47
 20970.0 , 20590.07
 20980.0 , 20599.65
 20990.0 , 20609.20
 21000.0 , 20618.74
 21010.0 , 20628.28
 21020.0 , 20637.81
 21030.0 , 20647.37
 21040.0 , 20656.94
 21050.0 , 20666.54
 21060.0 , 20676.18
 21070.0 , 20685.87
 21080.0 , 20695.60
 21090.0 , 20705.38
 21100.0 , 20715.22
 21110.0 , 20725.12
 21120.0 , 20735.07
 21130.0 , 20745.08
 21140.0 , 20755.13
 21150.0 , 20765.23
 21160.0 , 20775.37
 21170.0 , 20785.53
 21180.0 , 20795.71
 21190.0 , 20805.90
 21200.0 , 20816.09
 21210.0 , 20826.27
 21220.0 , 20836.42
 21230.0 , 20846.54
 21240.0 , 20856.63
 21250.0 , 20866.67
 21260.0 , 20876.65
 21270.0 , 20886.58
 21280.0 , 20896.46
 21290.0 , 20906.27
 21300.0 , 20916.04
 21310.0 , 20925.75
 21320.0 , 20935.42
 21330.0 , 20945.04
 21340.0 , 20954.63
 21350.0 , 20964.20
 21360.0 , 20973.74
 21370.0 , 20983.28
 21380.0 , 20992.81
 21390.0 , 21002.36
 21400.0 , 21011.92
 21410.0 , 21021.50
 21420.0 , 21031.13
 21430.0 , 21040.78
 21440.0 , 21050.49
 21450.0 , 21060.25
 21460.0 , 21070.06
 21470.0 , 21079.92
 21480.0 , 21089.85
 21490.0 , 21099.82
 21500.0 , 21109.85
 21510.0 , 21119.93
 21520.0 , 21130.05
 21530.0 , 21140.20
 21540.0 , 21150.37
 21550.0 , 21160.56
 21560.0 , 21170.75
 21570.0 , 21180.94
 21580.0 , 21191.10
 21590.0 , 21201.24
 21600.0 , 21211.35
 21610.0 , 21221.41
 21620.0 , 21231.42
 21630.0 , 21241.39
 21640.0 , 21251.29
 21650.0 , 21261.14
 21660.0 , 21270.93
 21670.0 , 21280.67
 21680.0 , 21290.36
 21690.0 , 21300.01
 21700.0 , 21309.61
 21710.0 , 21319.19
 21720.0 , 21328.75
 21730.0 , 21338.28
 21740.0 , 21347.82
 21750.0 , 21357.36
 21760.0 , 21366.90
 21770.0 , 21376.48
 21780.0 , 21386.08
 21790.0 , 21395.71
 21800.0 , 21405.39
 21810.0 , 21415.12
 21820.0 , 21424.90
 21830.0 , 21434.74
 21840.0 , 21444.63
 21850.0 , 21454.58
 21860.0 , 21464.59
 21870.0 , 21474.64
 21880.0 , 21484.73
 21890.0 , 21494.87
 21900.0 , 21505.03
 21910.0 , 21515.21
 21920.0 , 21525.41
 21930.0 , 21535.60
 21940.0 , 21545.77
 21950.0 , 21555.93
 21960.0 , 21566.06
 21970.0 , 21576.14
 21980.0 , 21586.18
 21990.0 , 21596.17
 22000.0 , 21606.10
 22010.0 , 21615.98
 22020.0 , 21625.80
 22030.0 , 21635.56
 22040.0 , 21645.28
 22050.0 , 21654.95
 22060.0 , 21664.57
 22070.0 , 21674.17
 22080.0 , 21683.73
 22090.0 , 21693.28
 22100.0 , 21702.82
 22110.0 , 21712.35
 22120.0 , 21721.89
 22130.0 , 21731.46
 22140.0 , 21741.04
 22150.0 , 21750.66
 22160.0 , 21760.32
 22170.0 , 21770.02
 22180.0 , 21779.77
 22190.0 , 21789.58
 22200.0 , 21799.44
 22210.0 , 21809.36
 22220.0 , 21819.34
 22230.0 , 21829.37
 22240.0 , 21839.44
 22250.0 , 21849.56
 22260.0 , 21859.71
 22270.0 , 21869.88
 22280.0 , 21880.07
 22290.0 , 21890.26
 22300.0 , 21900.44
 22310.0 , 21910.61
 22320.0 , 21920.75
 22330.0 , 21930.86
 22340.0 , 21940.92
 22350.0 , 21950.94
 22360.0 , 21960.90
 22370.0 , 21970.81
 22380.0 , 21980.65
 22390.0 , 21990.45
 22400.0 , 22000.19
 22410.0 , 22009.88
 22420.0 , 22019.53
 22430.0 , 22029.14
 22440.0 , 22038.72
 22450.0 , 22048.27
 22460.0 , 22057.82
 22470.0 , 22067.35
 22480.0 , 22076.89
 22490.0 , 22086.44
 22500.0 , 22096.01
 22510.0 , 22105.61
 22520.0 , 22115.25
 22530.0 , 22124.92
 22540.0 , 22134.65
 22550.0 , 22144.43
 22560.0 , 22154.26
 22570.0 , 22164.16
 22580.0 , 22174.10
 22590.0 , 22184.10
 22600.0 , 22194.15
 22610.0 , 22204.25
 22620.0 , 22214.38
 22630.0 , 22224.54
 22640.0 , 22234.72
 22650.0 , 22244.91
 22660.0 , 22255.10
 22670.0 , 22265.28
 22680.0 , 22275.44
 22690.0 , 22285.57
 22700.0 , 22295.65
 22710.0 , 22305.69
 22720.0 , 22315.69
 22730.0 , 22325.62
 22740.0 , 22335.50
 22750.0 , 22345.33
 22760.0 , 22355.09
 22770.0 , 22364.81
 22780.0 , 22374.48
 22790.0 , 22384.11
 22800.0 , 22393.70
 22810.0 , 22403.27
 22820.0 , 22412.82
 22830.0 , 22422.36
 22840.0 , 22431.89
 22850.0 , 22441.43
 22860.0 , 22450.99
 22870.0 , 22460.58
 22880.0 , 22470.19
 22890.0 , 22479.85
 22900.0 , 22489.55
 22910.0 , 22499.30
 22920.0 , 22509.10
 22930.0 , 22518.97
 22940.0 , 22528.88
 22950.0 , 22538.85
 22960.0 , 22548.88
 22970.0 , 22558.95
 22980.0 , 22569.06
 22990.0 , 22579.21
 23000.0 , 22589.38
 23010.0 , 22599.57
 23020.0 , 22609.76
 23030.0 , 22619.95
 23040.0 , 22630.12
 23050.0 , 22640.26
 23060.0 , 22650.37
 23070.0 , 22660.44
 23080.0 , 22670.46
 23090.0 , 22680.42
 23100.0 , 22690.33
 23110.0 , 22700.19
 23120.0 , 22709.98
 23130.0 , 22719.73
 23140.0 , 22729.42
 23150.0 , 22739.07
 23160.0 , 22748.68
 23170.0 , 22758.26
 23180.0 , 22767.81
 23190.0 , 22777.36
 23200.0 , 22786.89
 23210.0 , 22796.43
 23220.0 , 22805.98
 23230.0 , 22815.55
 23240.0 , 22825.14
 23250.0 , 22834.78
 23260.0 , 22844.46
 23270.0 , 22854.18
 23280.0 , 22863.96
 23290.0 , 22873.79
 23300.0 , 22883.67
 23310.0 , 22893.62
 23320.0 , 22903.62
 23330.0 , 22913.66
 23340.0 , 22923.76
 23350.0 , 22933.89
 23360.0 , 22944.05
 23370.0 , 22954.23
 23380.0 , 22964.42
 23390.0 , 22974.61
 23400.0 , 22984.79
 23410.0 , 22994.95
 23420.0 , 23005.08
 23430.0 , 23015.17
 23440.0 , 23025.21
 23450.0 , 23035.21
 23460.0 , 23045.15
 23470.0 , 23055.03
 23480.0 , 23064.85
 23490.0 , 23074.63
 23500.0 , 23084.34
 23510.0 , 23094.02
 23520.0 , 23103.65
 23530.0 , 23113.24
 23540.0 , 23122.81
 23550.0 , 23132.36
 23560.0 , 23141.89
 23570.0 , 23151.43
 23580.0 , 23160.97
 23590.0 , 23170.52
 23600.0 , 23180.11
 23610.0 , 23189.72
 23620.0 , 23199.37
 23630.0 , 23209.07
 23640.0 , 23218.82
 23650.0 , 23228.62
 23660.0 , 23238.48
 23670.0 , 23248.40
 23680.0 , 23258.37
 23690.0 , 23268.39
 23700.0 , 23278.46
 23710.0 , 23288.57
 23720.0 , 23298.72
 23730.0 , 23308.89
 23740.0 , 23319.08
 23750.0 , 23329.27
 23760.0 , 23339.46
 23770.0 , 23349.62
 23780.0 , 23359.77
 23790.0 , 23369.88
 23800.0 , 23379.95
 23810.0 , 23389.97
 23820.0 , 23399.94
 23830.0 , 23409.85
 23840.0 , 23419.71
 23850.0 , 23429.51
 23860.0 , 23439.25
 23870.0 , 23448.95
 23880.0 , 23458.60
 23890.0 , 23468.22
 23900.0 , 23477.80
 23910.0 , 23487.36
 23920.0 , 23496.90
 23930.0 , 23506.43
 23940.0 , 23515.97
 23950.0 , 23525.52
 23960.0 , 23535.09
 23970.0 , 23544.68
 23980.0 , 23554.31
 23990.0 , 23563.99
 24000.0 , 23573.71
 24010.0 , 23583.48
 24020.0 , 23593.31
 24030.0 , 23603.19
 24040.0 , 23613.13
 24050.0 , 23623.13
 24060.0 , 23633.18
 24070.0 , 23643.27
 24080.0 , 23653.40
 24090.0 , 23663.56
 24100.0 , 23673.74
 24110.0 , 23683.93
 24120.0 , 23694.12
 24130.0 , 23704.30
 24140.0 , 23714.46
 24150.0 , 23724.58
 24160.0 , 23734.68
 24170.0 , 23744.73
 24180.0 , 23754.72
 24190.0 , 23764.66
 24200.0 , 23774.55
 24210.0 , 23784.38
 24220.0 , 23794.15
 24230.0 , 23803.88
 24240.0 , 23813.55
 24250.0 , 23823.18
 24260.0 , 23832.78
 24270.0 , 23842.35
 24280.0 , 23851.90
 24290.0 , 23861.44
 24300.0 , 23870.97
 24310.0 , 23880.51
 24320.0 , 23890.07
 24330.0 , 23899.65
 24340.0 , 23909.26
 24350.0 , 23918.91
 24360.0 , 23928.60
 24370.0 , 23938.35
 24380.0 , 23948.15
 24390.0 , 23958.00
 24400.0 , 23967.92
 24410.0 , 23977.88
 24420.0 , 23987.90
 24430.0 , 23997.97
 24440.0 , 24008.08
 24450.0 , 24018.22
 24460.0 , 24028.40
 24470.0 , 24038.58
 24480.0 , 24048.77
 24490.0 , 24058.96
 24500.0 , 24069.14
 24510.0 , 24079.28
 24520.0 , 24089.40
 24530.0 , 24099.47
 24540.0 , 24109.49
 24550.0 , 24119.46
 24560.0 , 24129.38
 24570.0 , 24139.24
 24580.0 , 24149.04
 24590.0 , 24158.79
 24600.0 , 24168.49
 24610.0 , 24178.15
 24620.0 , 24187.76
 24630.0 , 24197.34
 24640.0 , 24206.90
 24650.0 , 24216.44
 24660.0 , 24225.97
 24670.0 , 24235.51
 24680.0 , 24245.06
 24690.0 , 24254.62
 24700.0 , 24264.22
 24710.0 , 24273.85
 24720.0 , 24283.52
 24730.0 , 24293.24
 24740.0 , 24303.00
 24750.0 , 24312.83
 24760.0 , 24322.71
 24770.0 , 24332.65
 24780.0 , 24342.64
 24790.0 , 24352.68
 24800.0 , 24362.77
 24810.0 , 24372.90
 24820.0 , 24383.06
 24830.0 , 24393.24
 24840.0 , 24403.43
 24850.0 , 24413.62
 24860.0 , 24423.80
 24870.0 , 24433.96
 24880.0 , 24444.10
 24890.0 , 24454.19
 24900.0 , 24464.24
 24910.0 , 24474.24
 24920.0 , 24484.18
 24930.0 , 24494.08
 24940.0 , 24503.91
 24950.0 , 24513.68
 24960.0 , 24523.41
 24970.0 , 24533.09
 24980.0 , 24542.72
 24990.0 , 24552.32
 25000.0 , 24561.89
 25010.0 , 24571.44
 25020.0 , 24580.98
 25030.0 , 24590.51
 25040.0 , 24600.05
 25050.0 , 24609.61
 25060.0 , 24619.19
 25070.0 , 24628.79
 25080.0 , 24638.44
 25090.0 , 24648.14
 25100.0 , 24657.88
 25110.0 , 24667.68
 25120.0 , 24677.53
 25130.0 , 24687.43
 25140.0 , 24697.40
 25150.0 , 24707.42
 25160.0 , 24717.48
 25170.0 , 24727.59
 25180.0 , 24737.73
 25190.0 , 24747.90
 25200.0 , 24758.09
 25210.0 , 24768.28
 25220.0 , 24778.46
 25230.0 , 24788.64
 25240.0 , 24798.79
 25250.0 , 24808.90
 25260.0 , 24818.98
 25270.0 , 24829.00
 25280.0 , 24838.97
 25290.0 , 24848.90
 25300.0 , 24858.76
 25310.0 , 24868.56
 25320.0 , 24878.32
 25330.0 , 24888.02
 25340.0 , 24897.67
 25350.0 , 24907.29
 25360.0 , 24916.87
 25370.0 , 24926.43
 25380.0 , 24935.98
 25390.0 , 24945.51
 25400.0 , 24955.05
 25410.0 , 24964.60
 25420.0 , 24974.16
 25430.0 , 24983.75
 25440.0 , 24993.38
 25450.0 , 25003.05
 25460.0 , 25012.77
 25470.0 , 25022.53
 25480.0 , 25032.35
 25490.0 , 25042.23
 25500.0 , 25052.17
 25510.0 , 25062.16
 25520.0 , 25072.20
 25530.0 , 25082.29
 25540.0 , 25092.41
 25550.0 , 25102.57
 25560.0 , 25112.74
 25570.0 , 25122.93
 25580.0 , 25133.12
 25590.0 , 25143.31
 25600.0 , 25153.46
 25610.0 , 25163.60
 25620.0 , 25173.70
 25630.0 , 25183.75
 25640.0 , 25193.75
 25650.0 , 25203.70
 25660.0 , 25213.59
 25670.0 , 25223.43
 25680.0 , 25233.21
 25690.0 , 25242.94
 25700.0 , 25252.62
 25710.0 , 25262.26
 25720.0 , 25271.86
 25730.0 , 25281.43
 25740.0 , 25290.98
 25750.0 , 25300.52
 25760.0 , 25310.06
 25770.0 , 25319.59
 25780.0 , 25329.15
 25790.0 , 25338.73
 25800.0 , 25348.33
 25810.0 , 25357.98
 25820.0 , 25367.67
 25830.0 , 25377.41
 25840.0 , 25387.20
 25850.0 , 25397.05
 25860.0 , 25406.95
 25870.0 , 25416.91
 25880.0 , 25426.93
 25890.0 , 25436.99
 25900.0 , 25447.09
 25910.0 , 25457.24
 25920.0 , 25467.40
 25930.0 , 25477.59
 25940.0 , 25487.78
 25950.0 , 25497.97
 25960.0 , 25508.14
 25970.0 , 25518.29
 25980.0 , 25528.41
 25990.0 , 25538.48
 26000.0 , 25548.51
 26010.0 , 25558.49
 26020.0 , 25568.41
 26030.0 , 25578.28
 26040.0 , 25588.09
 26050.0 , 25597.84
 26060.0 , 25607.55
 26070.0 , 25617.21
 26080.0 , 25626.83
 26090.0 , 25636.41
 26100.0 , 25645.97
 26110.0 , 25655.52
 26120.0 , 25665.06
 26130.0 , 25674.59
 26140.0 , 25684.14
 26150.0 , 25693.70
 26160.0 , 25703.29
 26170.0 , 25712.92
 26180.0 , 25722.58
 26190.0 , 25732.29
 26200.0 , 25742.06
 26210.0 , 25751.88
 26220.0 , 25761.75
 26230.0 , 25771.69
 26240.0 , 25781.67
 26250.0 , 25791.71
 26260.0 , 25801.80
 26270.0 , 25811.92
 26280.0 , 25822.07
 26290.0 , 25832.25
 26300.0 , 25842.44
 26310.0 , 25852.63
 26320.0 , 25862.81
 26330.0 , 25872.98
 26340.0 , 25883.11
 26350.0 , 25893.21
 26360.0 , 25903.26
 26370.0 , 25913.27
 26380.0 , 25923.22
 26390.0 , 25933.11
 26400.0 , 25942.95
 26410.0 , 25952.74
 26420.0 , 25962.47
 26430.0 , 25972.15
 26440.0 , 25981.79
 26450.0 , 25991.39
 26460.0 , 26000.96
 26470.0 , 26010.51
 26480.0 , 26020.05
 26490.0 , 26029.58
 26500.0 , 26039.13
 26510.0 , 26048.68
 26520.0 , 26058.26
 26530.0 , 26067.86
 26540.0 , 26077.51
 26550.0 , 26087.19
 26560.0 , 26096.93
 26570.0 , 26106.72
 26580.0 , 26116.57
 26590.0 , 26126.47
 26600.0 , 26136.43
 26610.0 , 26146.44
 26620.0 , 26156.50
 26630.0 , 26166.61
 26640.0 , 26176.74
 26650.0 , 26186.91
 26660.0 , 26197.10
 26670.0 , 26207.29
 26680.0 , 26217.48
 26690.0 , 26227.65
 26700.0 , 26237.80
 26710.0 , 26247.92
 26720.0 , 26258.00
 26730.0 , 26268.03
 26740.0 , 26278.01
 26750.0 , 26287.93
 26760.0 , 26297.80
 26770.0 , 26307.61
 26780.0 , 26317.37
 26790.0 , 26327.08
 26800.0 , 26336.74
 26810.0 , 26346.36
 26820.0 , 26355.94
 26830.0 , 26365.51
 26840.0 , 26375.05
 26850.0 , 26384.59
 26860.0 , 26394.13
 26870.0 , 26403.67
 26880.0 , 26413.24
 26890.0 , 26422.83
 26900.0 , 26432.45
 26910.0 , 26442.12
 26920.0 , 26451.83
 26930.0 , 26461.59
 26940.0 , 26471.41
 26950.0 , 26481.28
 26960.0 , 26491.21
 26970.0 , 26501.19
 26980.0 , 26511.23
 26990.0 , 26521.31
 27000.0 , 26531.43
 27010.0 , 26541.58
 27020.0 , 26551.75
 27030.0 , 26561.95
 27040.0 , 26572.14
 27050.0 , 26582.32
 27060.0 , 26592.48
 27070.0 , 26602.62
 27080.0 , 26612.72
 27090.0 , 26622.78
 27100.0 , 26632.78
 27110.0 , 26642.73
 27120.0 , 26652.64
 27130.0 , 26662.47
 27140.0 , 26672.26
 27150.0 , 26682.00
 27160.0 , 26691.68
 27170.0 , 26701.32
 27180.0 , 26710.92
 27190.0 , 26720.50
 27200.0 , 26730.05
 27210.0 , 26739.59
 27220.0 , 26749.12
 27230.0 , 26758.66
 27240.0 , 26768.22
 27250.0 , 26777.79
 27260.0 , 26787.40
 27270.0 , 26797.04
 27280.0 , 26806.73
 27290.0 , 26816.46
 27300.0 , 26826.25
 27310.0 , 26836.09
 27320.0 , 26845.99
 27330.0 , 26855.95
 27340.0 , 26865.96
 27350.0 , 26876.02
 27360.0 , 26886.12
 27370.0 , 26896.25
 27380.0 , 26906.42
 27390.0 , 26916.61
 27400.0 , 26926.79
 27410.0 , 26936.98
 27420.0 , 26947.16
 27430.0 , 26957.31
 27440.0 , 26967.43
 27450.0 , 26977.51
 27460.0 , 26987.55
 27470.0 , 26997.53
 27480.0 , 27007.46
 27490.0 , 27017.33
 27500.0 , 27027.14
 27510.0 , 27036.90
 27520.0 , 27046.61
 27530.0 , 27056.28
 27540.0 , 27065.90
 27550.0 , 27075.48
 27560.0 , 27085.05
 27570.0 , 27094.59
 27580.0 , 27104.13
 27590.0 , 27113.66
 27600.0 , 27123.21
 27610.0 , 27132.77
 27620.0 , 27142.36
 27630.0 , 27151.98
 27640.0 , 27161.64
 27650.0 , 27171.35
 27660.0 , 27181.11
 27670.0 , 27190.92
 27680.0 , 27200.80
 27690.0 , 27210.72
 27700.0 , 27220.70
 27710.0 , 27230.74
 27720.0 , 27240.82
 27730.0 , 27250.93
 27740.0 , 27261.09
 27750.0 , 27271.26
 27760.0 , 27281.45
 27770.0 , 27291.64
 27780.0 , 27301.83
 27790.0 , 27311.99
 27800.0 , 27322.13
 27810.0 , 27332.23
 27820.0 , 27342.29
 27830.0 , 27352.30
 27840.0 , 27362.26
 27850.0 , 27372.16
 27860.0 , 27382.01
 27870.0 , 27391.79
 27880.0 , 27401.53
 27890.0 , 27411.22
 27900.0 , 27420.85
 27910.0 , 27430.46
 27920.0 , 27440.04
 27930.0 , 27449.59
 27940.0 , 27459.13
 27950.0 , 27468.66
 27960.0 , 27478.20
 27970.0 , 27487.75
 27980.0 , 27497.33
 27990.0 , 27506.93
 28000.0 , 27516.57
 28010.0 , 27526.26
 28020.0 , 27535.99
 28030.0 , 27545.77
 28040.0 , 27555.62
 28050.0 , 27565.51
 28060.0 , 27575.47
 28070.0 , 27585.47
 28080.0 , 27595.53
 28090.0 , 27605.63
 28100.0 , 27615.77
 28110.0 , 27625.93
 28120.0 , 27636.11
 28130.0 , 27646.30
 28140.0 , 27656.49
 28150.0 , 27666.67
 28160.0 , 27676.82
 28170.0 , 27686.94
 28180.0 , 27697.03
 28190.0 , 27707.06
 28200.0 , 27717.04
 28210.0 , 27726.98
 28220.0 , 27736.85
 28230.0 , 27746.66
 28240.0 , 27756.43
 28250.0 , 27766.14
 28260.0 , 27775.80
 28270.0 , 27785.43
 28280.0 , 27795.02
 28290.0 , 27804.58
 28300.0 , 27814.13
 28310.0 , 27823.67
 28320.0 , 27833.20
 28330.0 , 27842.75
 28340.0 , 27852.31
 28350.0 , 27861.89
 28360.0 , 27871.51
 28370.0 , 27881.17
 28380.0 , 27890.88
 28390.0 , 27900.64
 28400.0 , 27910.45
 28410.0 , 27920.31
 28420.0 , 27930.24
 28430.0 , 27940.22
 28440.0 , 27950.25
 28450.0 , 27960.33
 28460.0 , 27970.44
 28470.0 , 27980.59
 28480.0 , 27990.77
 28490.0 , 28000.96
 28500.0 , 28011.15
 28510.0 , 28021.34
 28520.0 , 28031.50
 28530.0 , 28041.64
 28540.0 , 28051.75
 28550.0 , 28061.81
 28560.0 , 28071.82
 28570.0 , 28081.78
 28580.0 , 28091.68
 28590.0 , 28101.53
 28600.0 , 28111.32
 28610.0 , 28121.06
 28620.0 , 28130.75
 28630.0 , 28140.40
 28640.0 , 28150.00
 28650.0 , 28159.58
 28660.0 , 28169.13
 28670.0 , 28178.67
 28680.0 , 28188.21
 28690.0 , 28197.75
 28700.0 , 28207.30
 28710.0 , 28216.87
 28720.0 , 28226.47
 28730.0 , 28236.11
 28740.0 , 28245.79
 28750.0 , 28255.52
 28760.0 , 28265.30
 28770.0 , 28275.13
 28780.0 , 28285.03
 28790.0 , 28294.98
 28800.0 , 28304.98
 28810.0 , 28315.04
 28820.0 , 28325.13
 28830.0 , 28335.27
 28840.0 , 28345.43
 28850.0 , 28355.61
 28860.0 , 28365.81
 28870.0 , 28375.99
 28880.0 , 28386.17
 28890.0 , 28396.33
 28900.0 , 28406.45
 28910.0 , 28416.54
 28920.0 , 28426.58
 28930.0 , 28436.57
 28940.0 , 28446.50
 28950.0 , 28456.38
 28960.0 , 28466.20
 28970.0 , 28475.96
 28980.0 , 28485.68
 28990.0 , 28495.34
 29000.0 , 28504.97
 29010.0 , 28514.56
 29020.0 , 28524.13
 29030.0 , 28533.67
 29040.0 , 28543.21
 29050.0 , 28552.74
 29060.0 , 28562.29
 29070.0 , 28571.85
 29080.0 , 28581.43
 29090.0 , 28591.05
 29100.0 , 28600.71
 29110.0 , 28610.41
 29120.0 , 28620.16
 29130.0 , 28629.97
 29140.0 , 28639.83
 29150.0 , 28649.75
 29160.0 , 28659.73
 29170.0 , 28669.76
 29180.0 , 28679.83
 29190.0 , 28689.95
 29200.0 , 28700.10
 29210.0 , 28710.27
 29220.0 , 28720.46
 29230.0 , 28730.65
 29240.0 , 28740.84
 29250.0 , 28751.01
 29260.0 , 28761.15
 29270.0 , 28771.26
 29280.0 , 28781.32
 29290.0 , 28791.34
 29300.0 , 28801.30
 29310.0 , 28811.21
 29320.0 , 28821.06
 29330.0 , 28830.85
 29340.0 , 28840.59
 29350.0 , 28850.28
 29360.0 , 28859.93
 29370.0 , 28869.54
 29380.0 , 28879.11
 29390.0 , 28888.67
 29400.0 , 28898.21
 29410.0 , 28907.74
 29420.0 , 28917.28
 29430.0 , 28926.83
 29440.0 , 28936.40
 29450.0 , 28946.00
 29460.0 , 28955.64
 29470.0 , 28965.31
 29480.0 , 28975.04
 29490.0 , 28984.82
 29500.0 , 28994.65
 29510.0 , 29004.55
 29520.0 , 29014.49
 29530.0 , 29024.49
 29540.0 , 29034.55
 29550.0 , 29044.64
 29560.0 , 29054.77
 29570.0 , 29064.94
 29580.0 , 29075.12
 29590.0 , 29085.31
 29600.0 , 29095.50
 29610.0 , 29105.68
 29620.0 , 29115.83
 29630.0 , 29125.96
 29640.0 , 29136.05
 29650.0 , 29146.09
 29660.0 , 29156.08
 29670.0 , 29166.02
 29680.0 , 29175.90
 29690.0 , 29185.72
 29700.0 , 29195.49
 29710.0 , 29205.21
 29720.0 , 29214.88
 29730.0 , 29224.50
 29740.0 , 29234.10
 29750.0 , 29243.67
 29760.0 , 29253.21
 29770.0 , 29262.75
 29780.0 , 29272.29
 29790.0 , 29281.83
 29800.0 , 29291.39
 29810.0 , 29300.97
 29820.0 , 29310.58
 29830.0 , 29320.24
 29840.0 , 29329.94
 29850.0 , 29339.69
 29860.0 , 29349.50
 29870.0 , 29359.36
 29880.0 , 29369.27
 29890.0 , 29379.25
 29900.0 , 29389.27
 29910.0 , 29399.34
 29920.0 , 29409.46
 29930.0 , 29419.61
 29940.0 , 29429.78
 29950.0 , 29439.96
 29960.0 , 29450.16
 29970.0 , 29460.34
 29980.0 , 29470.51
 29990.0 , 29480.65
 30000.0 , 29490.76
 30010.0 , 29500.83
 30020.0 , 29510.85
 30030.0 , 29520.81
 30040.0 , 29530.72
 30050.0 , 29540.58
 30060.0 , 29550.37
 30070.0 , 29560.12
 30080.0 , 29569.81
 30090.0 , 29579.46
 30100.0 , 29589.08
 30110.0 , 29598.65
 30120.0 , 29608.21
 30130.0 , 29617.75
 30140.0 , 29627.29
 30150.0 , 29636.82
 30160.0 , 29646.38
 30170.0 , 29655.94
 30180.0 , 29665.54
 30190.0 , 29675.18
 30200.0 , 29684.85
 30210.0 , 29694.57
 30220.0 , 29704.35
 30230.0 , 29714.18
 30240.0 , 29724.07
 30250.0 , 29734.01
 30260.0 , 29744.01
 30270.0 , 29754.06
 30280.0 , 29764.15
 30290.0 , 29774.28
 30300.0 , 29784.44
 30310.0 , 29794.62
 30320.0 , 29804.81
 30330.0 , 29815.00
 30340.0 , 29825.18
 30350.0 , 29835.34
 30360.0 , 29845.47
 30370.0 , 29855.56
 30380.0 , 29865.60
 30390.0 , 29875.60
 30400.0 , 29885.54
 30410.0 , 29895.42
 30420.0 , 29905.25
 30430.0 , 29915.02
 30440.0 , 29924.74
 30450.0 , 29934.41
 30460.0 , 29944.04
 30470.0 , 29953.64
 30480.0 , 29963.20
 30490.0 , 29972.76
 30500.0 , 29982.29
 30510.0 , 29991.83
 30520.0 , 30001.37
 30530.0 , 30010.92
 30540.0 , 30020.51
 30550.0 , 30030.12
 30560.0 , 30039.77
 30570.0 , 30049.47
 30580.0 , 30059.22
 30590.0 , 30069.02
 30600.0 , 30078.88
 30610.0 , 30088.79
 30620.0 , 30098.76
 30630.0 , 30108.78
 30640.0 , 30118.85
 30650.0 , 30128.96
 30660.0 , 30139.11
 30670.0 , 30149.28
 30680.0 , 30159.47
 30690.0 , 30169.66
 30700.0 , 30179.85
 30710.0 , 30190.01
 30720.0 , 30200.16
 30730.0 , 30210.27
 30740.0 , 30220.34
 30750.0 , 30230.36
 30760.0 , 30240.33
 30770.0 , 30250.24
 30780.0 , 30260.10
 30790.0 , 30269.90
 30800.0 , 30279.64
 30810.0 , 30289.34
 30820.0 , 30298.99
 30830.0 , 30308.60
 30840.0 , 30318.19
 30850.0 , 30327.75
 30860.0 , 30337.29
 30870.0 , 30346.83
 30880.0 , 30356.36
 30890.0 , 30365.91
 30900.0 , 30375.48
 30910.0 , 30385.08
 30920.0 , 30394.71
 30930.0 , 30404.38
 30940.0 , 30414.10
 30950.0 , 30423.87
 30960.0 , 30433.71
 30970.0 , 30443.59
 30980.0 , 30453.53
 30990.0 , 30463.53
 31000.0 , 30473.57
 31010.0 , 30483.66
 31020.0 , 30493.79
 31030.0 , 30503.95
 31040.0 , 30514.13
 31050.0 , 30524.32
 31060.0 , 30534.51
 31070.0 , 30544.69
 31080.0 , 30554.85
 31090.0 , 30564.98
 31100.0 , 30575.07
 31110.0 , 30585.12
 31120.0 , 30595.11
 31130.0 , 30605.05
 31140.0 , 30614.94
 31150.0 , 30624.76
 31160.0 , 30634.54
 31170.0 , 30644.26
 31180.0 , 30653.93
 31190.0 , 30663.57
 31200.0 , 30673.17
 31210.0 , 30682.73
 31220.0 , 30692.28
 31230.0 , 30701.82
 31240.0 , 30711.36
 31250.0 , 30720.90
 31260.0 , 30730.46
 31270.0 , 30740.04
 31280.0 , 30749.65
 31290.0 , 30759.31
 31300.0 , 30769.00
 31310.0 , 30778.75
 31320.0 , 30788.55
 31330.0 , 30798.40
 31340.0 , 30808.31
 31350.0 , 30818.28
 31360.0 , 30828.30
 31370.0 , 30838.37
 31380.0 , 30848.48
 31390.0 , 30858.62
 31400.0 , 30868.79
 31410.0 , 30878.98
 31420.0 , 30889.17
 31430.0 , 30899.35
 31440.0 , 30909.52
 31450.0 , 30919.67
 31460.0 , 30929.78
 31470.0 , 30939.85
 31480.0 , 30949.88
 31490.0 , 30959.85
 31500.0 , 30969.76
 31510.0 , 30979.62
 31520.0 , 30989.43
 31530.0 , 30999.18
 31540.0 , 31008.87
 31550.0 , 31018.53
 31560.0 , 31028.14
 31570.0 , 31037.72
 31580.0 , 31047.29
 31590.0 , 31056.83
 31600.0 , 31066.36
 31610.0 , 31075.90
 31620.0 , 31085.45
 31630.0 , 31095.02
 31640.0 , 31104.61
 31650.0 , 31114.24
 31660.0 , 31123.91
 31670.0 , 31133.63
 31680.0 , 31143.40
 31690.0 , 31153.23
 31700.0 , 31163.11
 31710.0 , 31173.05
 31720.0 , 31183.04
 31730.0 , 31193.08
 31740.0 , 31203.17
 31750.0 , 31213.30
 31760.0 , 31223.46
 31770.0 , 31233.63
 31780.0 , 31243.82
 31790.0 , 31254.01
 31800.0 , 31264.19
 31810.0 , 31274.35
 31820.0 , 31284.49
 31830.0 , 31294.58
 31840.0 , 31304.63
 31850.0 , 31314.63
 31860.0 , 31324.57
 31870.0 , 31334.46
 31880.0 , 31344.30
 31890.0 , 31354.07
 31900.0 , 31363.80
 31910.0 , 31373.48
 31920.0 , 31383.11
 31930.0 , 31392.71
 31940.0 , 31402.28
 31950.0 , 31411.82
 31960.0 , 31421.36
 31970.0 , 31430.90
 31980.0 , 31440.44
 31990.0 , 31450.00
 32000.0 , 31459.58
 32010.0 , 31469.18
 32020.0 , 31478.84
 32030.0 , 31488.53
 32040.0 , 31498.27
 32050.0 , 31508.07
 32060.0 , 31517.92
 32070.0 , 31527.83
 32080.0 , 31537.80
 32090.0 , 31547.81
 32100.0 , 31557.88
 32110.0 , 31567.99
 32120.0 , 31578.13
 32130.0 , 31588.30
 32140.0 , 31598.49
 32150.0 , 31608.68
 32160.0 , 31618.86
 32170.0 , 31629.04
 32180.0 , 31639.18
 32190.0 , 31649.30
 32200.0 , 31659.37
 32210.0 , 31669.40
 32220.0 , 31679.37
 32230.0 , 31689.29
 32240.0 , 31699.15
 32250.0 , 31708.95
 32260.0 , 31718.71
 32270.0 , 31728.41
 32280.0 , 31738.06
 32290.0 , 31747.68
 32300.0 , 31757.26
 32310.0 , 31766.82
 32320.0 , 31776.36
 32330.0 , 31785.90
 32340.0 , 31795.43
 32350.0 , 31804.98
 32360.0 , 31814.55
 32370.0 , 31824.14
 32380.0 , 31833.77
 32390.0 , 31843.44
 32400.0 , 31853.15
 32410.0 , 31862.92
 32420.0 , 31872.75
 32430.0 , 31882.63
 32440.0 , 31892.56
 32450.0 , 31902.55
 32460.0 , 31912.60
 32470.0 , 31922.68
 32480.0 , 31932.81
 32490.0 , 31942.97
 32500.0 , 31953.14
 32510.0 , 31963.33
 32520.0 , 31973.52
 32530.0 , 31983.71
 32540.0 , 31993.86
 32550.0 , 32004.00
 32560.0 , 32014.10
 32570.0 , 32024.14
 32580.0 , 32034.15
 32590.0 , 32044.09
 32600.0 , 32053.98
 32610.0 , 32063.82
 32620.0 , 32073.60
 32630.0 , 32083.33
 32640.0 , 32093.01
 32650.0 , 32102.64
 32660.0 , 32112.24
 32670.0 , 32121.82
 32680.0 , 32131.37
 32690.0 , 32140.90
 32700.0 , 32150.44
 32710.0 , 32159.98
 32720.0 , 32169.53
 32730.0 , 32179.11
 32740.0 , 32188.72
 32750.0 , 32198.37
 32760.0 , 32208.06
 32770.0 , 32217.80
 32780.0 , 32227.59
 32790.0 , 32237.44
 32800.0 , 32247.35
 32810.0 , 32257.31
 32820.0 , 32267.33
 32830.0 , 32277.39
 32840.0 , 32287.49
 32850.0 , 32297.64
 32860.0 , 32307.80
 32870.0 , 32317.99
 32880.0 , 32328.18
 32890.0 , 32338.37
 32900.0 , 32348.54
 32910.0 , 32358.69
 32920.0 , 32368.81
 32930.0 , 32378.88
 32940.0 , 32388.91
 32950.0 , 32398.88
 32960.0 , 32408.81
 32970.0 , 32418.67
 32980.0 , 32428.48
 32990.0 , 32438.23
 33000.0 , 32447.94
 33010.0 , 32457.60
 33020.0 , 32467.22
 33030.0 , 32476.80
 33040.0 , 32486.36
 33050.0 , 32495.91
 33060.0 , 32505.44
 33070.0 , 32514.98
 33080.0 , 32524.53
 33090.0 , 32534.09
 33100.0 , 32543.68
 33110.0 , 32553.31
 33120.0 , 32562.97
 33130.0 , 32572.69
 33140.0 , 32582.45
 33150.0 , 32592.27
 33160.0 , 32602.15
 33170.0 , 32612.08
 33180.0 , 32622.07
 33190.0 , 32632.10
 33200.0 , 32642.19
 33210.0 , 32652.32
 33220.0 , 32662.47
 33230.0 , 32672.65
 33240.0 , 32682.84
 33250.0 , 32693.03
 33260.0 , 32703.21
 33270.0 , 32713.38
 33280.0 , 32723.51
 33290.0 , 32733.61
 33300.0 , 32743.66
 33310.0 , 32753.67
 33320.0 , 32763.62
 33330.0 , 32773.51
 33340.0 , 32783.35
 33350.0 , 32793.14
 33360.0 , 32802.86
 33370.0 , 32812.54
 33380.0 , 32822.18
 33390.0 , 32831.78
 33400.0 , 32841.35
 33410.0 , 32850.91
 33420.0 , 32860.45
 33430.0 , 32869.98
 33440.0 , 32879.52
 33450.0 , 32889.07
 33460.0 , 32898.65
 33470.0 , 32908.26
 33480.0 , 32917.90
 33490.0 , 32927.59
 33500.0 , 32937.33
 33510.0 , 32947.11
 33520.0 , 32956.96
 33530.0 , 32966.86
 33540.0 , 32976.82
 33550.0 , 32986.83
 33560.0 , 32996.90
 33570.0 , 33007.00
 33580.0 , 33017.14
 33590.0 , 33027.31
 33600.0 , 33037.49
 33610.0 , 33047.68
 33620.0 , 33057.87
 33630.0 , 33068.05
 33640.0 , 33078.20
 33650.0 , 33088.32
 33660.0 , 33098.39
 33670.0 , 33108.43
 33680.0 , 33118.41
 33690.0 , 33128.33
 33700.0 , 33138.20
 33710.0 , 33148.01
 33720.0 , 33157.77
 33730.0 , 33167.47
 33740.0 , 33177.13
 33750.0 , 33186.75
 33760.0 , 33196.34
 33770.0 , 33205.90
 33780.0 , 33215.44
 33790.0 , 33224.98
 33800.0 , 33234.52
 33810.0 , 33244.06
 33820.0 , 33253.63
 33830.0 , 33263.22
 33840.0 , 33272.84
 33850.0 , 33282.51
 33860.0 , 33292.22
 33870.0 , 33301.98
 33880.0 , 33311.80
 33890.0 , 33321.67
 33900.0 , 33331.60
 33910.0 , 33341.58
 33920.0 , 33351.62
 33930.0 , 33361.70
 33940.0 , 33371.82
 33950.0 , 33381.98
 33960.0 , 33392.15
 33970.0 , 33402.34
 33980.0 , 33412.53
 33990.0 , 33422.71
 34000.0 , 33432.88
 34010.0 , 33443.02
 34020.0 , 33453.11
 34030.0 , 33463.17
 34040.0 , 33473.18
 34050.0 , 33483.13
 34060.0 , 33493.03
 34070.0 , 33502.87
 34080.0 , 33512.66
 34090.0 , 33522.39
 34100.0 , 33532.07
 34110.0 , 33541.71
 34120.0 , 33551.32
 34130.0 , 33560.89
 34140.0 , 33570.44
 34150.0 , 33579.98
 34160.0 , 33589.52
 34170.0 , 33599.06
 34180.0 , 33608.61
 34190.0 , 33618.18
 34200.0 , 33627.79
 34210.0 , 33637.43
 34220.0 , 33647.12
 34230.0 , 33656.85
 34240.0 , 33666.64
 34250.0 , 33676.48
 34260.0 , 33686.39
 34270.0 , 33696.34
 34280.0 , 33706.35
 34290.0 , 33716.41
 34300.0 , 33726.51
 34310.0 , 33736.65
 34320.0 , 33746.81
 34330.0 , 33757.00
 34340.0 , 33767.19
 34350.0 , 33777.38
 34360.0 , 33787.55
 34370.0 , 33797.70
 34380.0 , 33807.82
 34390.0 , 33817.91
 34400.0 , 33827.94
 34410.0 , 33837.92
 34420.0 , 33847.85
 34430.0 , 33857.72
 34440.0 , 33867.54
 34450.0 , 33877.30
 34460.0 , 33887.00
 34470.0 , 33896.67
 34480.0 , 33906.29
 34490.0 , 33915.88
 34500.0 , 33925.44
 34510.0 , 33934.99
 34520.0 , 33944.52
 34530.0 , 33954.06
 34540.0 , 33963.61
 34550.0 , 33973.17
 34560.0 , 33982.76
 34570.0 , 33992.38
 34580.0 , 34002.04
 34590.0 , 34011.75
 34600.0 , 34021.51
 34610.0 , 34031.32
 34620.0 , 34041.19
 34630.0 , 34051.11
 34640.0 , 34061.09
 34650.0 , 34071.13
 34660.0 , 34081.21
 34670.0 , 34091.33
 34680.0 , 34101.48
 34690.0 , 34111.65
 34700.0 , 34121.84
 34710.0 , 34132.04
 34720.0 , 34142.22
 34730.0 , 34152.38
 34740.0 , 34162.52
 34750.0 , 34172.62
 34760.0 , 34182.68
 34770.0 , 34192.69
 34780.0 , 34202.65
 34790.0 , 34212.55
 34800.0 , 34222.40
 34810.0 , 34232.18
 34820.0 , 34241.92
 34830.0 , 34251.61
 34840.0 , 34261.25
 34850.0 , 34270.85
 34860.0 , 34280.43
 34870.0 , 34289.98
 34880.0 , 34299.52
 34890.0 , 34309.06
 34900.0 , 34318.60
 34910.0 , 34328.15
 34920.0 , 34337.73
 34930.0 , 34347.33
 34940.0 , 34356.97
 34950.0 , 34366.65
 34960.0 , 34376.38
 34970.0 , 34386.17
 34980.0 , 34396.01
 34990.0 , 34405.90
 35000.0 , 34415.86
 35010.0 , 34425.86
 35020.0 , 34435.92
 35030.0 , 34446.02
 35040.0 , 34456.16
 35050.0 , 34466.32
 35060.0 , 34476.50
 35070.0 , 34486.70
 35080.0 , 34496.88
 35090.0 , 34507.06
 35100.0 , 34517.21
 35110.0 , 34527.33
 35120.0 , 34537.42
 35130.0 , 34547.45
 35140.0 , 34557.44
 35150.0 , 34567.37
 35160.0 , 34577.24
 35170.0 , 34587.06
 35180.0 , 34596.82
 35190.0 , 34606.53
 35200.0 , 34616.19
 35210.0 , 34625.82
 35220.0 , 34635.41
 35230.0 , 34644.97
 35240.0 , 34654.52
 35250.0 , 34664.06
 35260.0 , 34673.59
 35270.0 , 34683.14
 35280.0 , 34692.70
 35290.0 , 34702.28
 35300.0 , 34711.91
 35310.0 , 34721.57
 35320.0 , 34731.27
 35330.0 , 34741.03
 35340.0 , 34750.84
 35350.0 , 34760.71
 35360.0 , 34770.63
 35370.0 , 34780.61
 35380.0 , 34790.64
 35390.0 , 34800.72
 35400.0 , 34810.84
 35410.0 , 34820.99
 35420.0 , 34831.16
 35430.0 , 34841.35
 35440.0 , 34851.54
 35450.0 , 34861.73
 35460.0 , 34871.89
 35470.0 , 34882.03
 35480.0 , 34892.14
 35490.0 , 34902.20
 35500.0 , 34912.21
 35510.0 , 34922.17
 35520.0 , 34932.07
 35530.0 , 34941.92
 35540.0 , 34951.71
 35550.0 , 34961.44
 35560.0 , 34971.13
 35570.0 , 34980.78
 35580.0 , 34990.39
 35590.0 , 34999.96
 35600.0 , 35009.52
 35610.0 , 35019.06
 35620.0 , 35028.60
 35630.0 , 35038.14
 35640.0 , 35047.69
 35650.0 , 35057.26
 35660.0 , 35066.86
 35670.0 , 35076.50
 35680.0 , 35086.18
 35690.0 , 35095.91
 35700.0 , 35105.69
 35710.0 , 35115.53
 35720.0 , 35125.43
 35730.0 , 35135.37
 35740.0 , 35145.38
 35750.0 , 35155.43
 35760.0 , 35165.53
 35770.0 , 35175.66
 35780.0 , 35185.83
 35790.0 , 35196.01
 35800.0 , 35206.20
 35810.0 , 35216.39
 35820.0 , 35226.56
 35830.0 , 35236.72
 35840.0 , 35246.84
 35850.0 , 35256.92
 35860.0 , 35266.97
 35870.0 , 35276.95
 35880.0 , 35286.88
 35890.0 , 35296.76
 35900.0 , 35306.58
 35910.0 , 35316.35
 35920.0 , 35326.06
 35930.0 , 35335.73
 35940.0 , 35345.35
 35950.0 , 35354.95
 35960.0 , 35364.51
 35970.0 , 35374.06
 35980.0 , 35383.60
 35990.0 , 35393.13
 36000.0 , 35402.68
 36010.0 , 35412.24
 36020.0 , 35421.82
 36030.0 , 35431.44
 36040.0 , 35441.10
 36050.0 , 35450.80
 36060.0 , 35460.56
 36070.0 , 35470.37
 36080.0 , 35480.23
 36090.0 , 35490.15
 36100.0 , 35500.13
 36110.0 , 35510.16
 36120.0 , 35520.23
 36130.0 , 35530.35
 36140.0 , 35540.49
 36150.0 , 35550.67
 36160.0 , 35560.86
 36170.0 , 35571.05
 36180.0 , 35581.23
 36190.0 , 35591.40
 36200.0 , 35601.54
 36210.0 , 35611.65
 36220.0 , 35621.71
 36230.0 , 35631.73
 36240.0 , 35641.69
 36250.0 , 35651.60
 36260.0 , 35661.45
 36270.0 , 35671.24
 36280.0 , 35680.98
 36290.0 , 35690.67
 36300.0 , 35700.32
 36310.0 , 35709.93
 36320.0 , 35719.50
 36330.0 , 35729.06
 36340.0 , 35738.60
 36350.0 , 35748.13
 36360.0 , 35757.67
 36370.0 , 35767.22
 36380.0 , 35776.79
 36390.0 , 35786.39
 36400.0 , 35796.03
 36410.0 , 35805.71
 36420.0 , 35815.44
 36430.0 , 35825.22
 36440.0 , 35835.05
 36450.0 , 35844.94
 36460.0 , 35854.89
 36470.0 , 35864.89
 36480.0 , 35874.94
 36490.0 , 35885.04
 36500.0 , 35895.17
 36510.0 , 35905.33
 36520.0 , 35915.51
 36530.0 , 35925.70
 36540.0 , 35935.90
 36550.0 , 35946.07
 36560.0 , 35956.23
 36570.0 , 35966.36
 36580.0 , 35976.44
 36590.0 , 35986.48
 36600.0 , 35996.47
 36610.0 , 36006.41
 36620.0 , 36016.29
 36630.0 , 36026.11
 36640.0 , 36035.88
 36650.0 , 36045.60
 36660.0 , 36055.27
 36670.0 , 36064.89
 36680.0 , 36074.49
 36690.0 , 36084.05
 36700.0 , 36093.60
 36710.0 , 36103.14
 36720.0 , 36112.67
 36730.0 , 36122.21
 36740.0 , 36131.77
 36750.0 , 36141.36
 36760.0 , 36150.97
 36770.0 , 36160.63
 36780.0 , 36170.33
 36790.0 , 36180.08
 36800.0 , 36189.89
 36810.0 , 36199.75
 36820.0 , 36209.67
 36830.0 , 36219.64
 36840.0 , 36229.67
 36850.0 , 36239.74
 36860.0 , 36249.86
 36870.0 , 36260.01
 36880.0 , 36270.18
 36890.0 , 36280.37
 36900.0 , 36290.56
 36910.0 , 36300.74
 36920.0 , 36310.91
 36930.0 , 36321.05
 36940.0 , 36331.16
 36950.0 , 36341.23
 36960.0 , 36351.24
 36970.0 , 36361.20
 36980.0 , 36371.12
 36990.0 , 36380.97
 37000.0 , 36390.76
 37010.0 , 36400.51
 37020.0 , 36410.20
 37030.0 , 36419.85
 37040.0 , 36429.46
 37050.0 , 36439.04
 37060.0 , 36448.59
 37070.0 , 36458.14
 37080.0 , 36467.67
 37090.0 , 36477.21
 37100.0 , 36486.76
 37110.0 , 36496.33
 37120.0 , 36505.93
 37130.0 , 36515.57
 37140.0 , 36525.24
 37150.0 , 36534.96
 37160.0 , 36544.74
 37170.0 , 36554.57
 37180.0 , 36564.46
 37190.0 , 36574.41
 37200.0 , 36584.41
 37210.0 , 36594.45
 37220.0 , 36604.55
 37230.0 , 36614.68
 37240.0 , 36624.84
 37250.0 , 36635.02
 37260.0 , 36645.21
 37270.0 , 36655.40
 37280.0 , 36665.58
 37290.0 , 36675.74
 37300.0 , 36685.86
 37310.0 , 36695.96
 37320.0 , 36706.00
 37330.0 , 36715.99
 37340.0 , 36725.93
 37350.0 , 36735.81
 37360.0 , 36745.64
 37370.0 , 36755.41
 37380.0 , 36765.13
 37390.0 , 36774.80
 37400.0 , 36784.43
 37410.0 , 36794.03
 37420.0 , 36803.60
 37430.0 , 36813.15
 37440.0 , 36822.68
 37450.0 , 36832.22
 37460.0 , 36841.76
 37470.0 , 36851.32
 37480.0 , 36860.90
 37490.0 , 36870.51
 37500.0 , 36880.16
 37510.0 , 36889.86
 37520.0 , 36899.61
 37530.0 , 36909.41
 37540.0 , 36919.27
 37550.0 , 36929.19
 37560.0 , 36939.15
 37570.0 , 36949.18
 37580.0 , 36959.25
 37590.0 , 36969.36
 37600.0 , 36979.51
 37610.0 , 36989.68
 37620.0 , 36999.86
 37630.0 , 37010.06
 37640.0 , 37020.24
 37650.0 , 37030.41
 37660.0 , 37040.56
 37670.0 , 37050.67
 37680.0 , 37060.74
 37690.0 , 37070.76
 37700.0 , 37080.73
 37710.0 , 37090.64
 37720.0 , 37100.50
 37730.0 , 37110.30
 37740.0 , 37120.04
 37750.0 , 37129.74
 37760.0 , 37139.39
 37770.0 , 37149.00
 37780.0 , 37158.58
 37790.0 , 37168.14
 37800.0 , 37177.68
 37810.0 , 37187.22
 37820.0 , 37196.75
 37830.0 , 37206.30
 37840.0 , 37215.87
 37850.0 , 37225.47
 37860.0 , 37235.10
 37870.0 , 37244.77
 37880.0 , 37254.49
 37890.0 , 37264.27
 37900.0 , 37274.10
 37910.0 , 37283.98
 37920.0 , 37293.92
 37930.0 , 37303.92
 37940.0 , 37313.96
 37950.0 , 37324.06
 37960.0 , 37334.19
 37970.0 , 37344.34
 37980.0 , 37354.52
 37990.0 , 37364.72
 38000.0 , 37374.91
 38010.0 , 37385.09
 38020.0 , 37395.25
 38030.0 , 37405.37
 38040.0 , 37415.47
 38050.0 , 37425.52
 38060.0 , 37435.51
 38070.0 , 37445.45
 38080.0 , 37455.34
 38090.0 , 37465.16
 38100.0 , 37474.94
 38110.0 , 37484.66
 38120.0 , 37494.33
 38130.0 , 37503.97
 38140.0 , 37513.56
 38150.0 , 37523.13
 38160.0 , 37532.68
 38170.0 , 37542.22
 38180.0 , 37551.75
 38190.0 , 37561.29
 38200.0 , 37570.85
 38210.0 , 37580.43
 38220.0 , 37590.04
 38230.0 , 37599.69
 38240.0 , 37609.39
 38250.0 , 37619.14
 38260.0 , 37628.94
 38270.0 , 37638.79
 38280.0 , 37648.70
 38290.0 , 37658.67
 38300.0 , 37668.69
 38310.0 , 37678.76
 38320.0 , 37688.87
 38330.0 , 37699.01
 38340.0 , 37709.19
 38350.0 , 37719.37
 38360.0 , 37729.56
 38370.0 , 37739.75
 38380.0 , 37749.92
 38390.0 , 37760.06
 38400.0 , 37770.18
 38410.0 , 37780.25
 38420.0 , 37790.27
 38430.0 , 37800.24
 38440.0 , 37810.16
 38450.0 , 37820.02
 38460.0 , 37829.82
 38470.0 , 37839.57
 38480.0 , 37849.27
 38490.0 , 37858.92
 38500.0 , 37868.54
 38510.0 , 37878.12
 38520.0 , 37887.68
 38530.0 , 37897.22
 38540.0 , 37906.75
 38550.0 , 37916.29
 38560.0 , 37925.84
 38570.0 , 37935.41
 38580.0 , 37945.01
 38590.0 , 37954.63
 38600.0 , 37964.31
 38610.0 , 37974.03
 38620.0 , 37983.80
 38630.0 , 37993.62
 38640.0 , 38003.51
 38650.0 , 38013.44
 38660.0 , 38023.44
 38670.0 , 38033.48
 38680.0 , 38043.57
 38690.0 , 38053.69
 38700.0 , 38063.85
 38710.0 , 38074.03
 38720.0 , 38084.22
 38730.0 , 38094.41
 38740.0 , 38104.59
 38750.0 , 38114.75
 38760.0 , 38124.88
 38770.0 , 38134.97
 38780.0 , 38145.02
 38790.0 , 38155.02
 38800.0 , 38164.96
 38810.0 , 38174.85
 38820.0 , 38184.69
 38830.0 , 38194.46
 38840.0 , 38204.19
 38850.0 , 38213.87
 38860.0 , 38223.50
 38870.0 , 38233.10
 38880.0 , 38242.67
 38890.0 , 38252.22
 38900.0 , 38261.76
 38910.0 , 38271.29
 38920.0 , 38280.83
 38930.0 , 38290.39
 38940.0 , 38299.97
 38950.0 , 38309.58
 38960.0 , 38319.23
 38970.0 , 38328.92
 38980.0 , 38338.66
 38990.0 , 38348.46
 39000.0 , 38358.32
 39010.0 , 38368.22
 39020.0 , 38378.19
 39030.0 , 38388.21
 39040.0 , 38398.27
 39050.0 , 38408.38
 39060.0 , 38418.52
 39070.0 , 38428.69
 39080.0 , 38438.88
 39090.0 , 38449.07
 39100.0 , 38459.25
 39110.0 , 38469.43
 39120.0 , 38479.57
 39130.0 , 38489.69
 39140.0 , 38499.76
 39150.0 , 38509.79
 39160.0 , 38519.76
 39170.0 , 38529.68
 39180.0 , 38539.54
 39190.0 , 38549.35
 39200.0 , 38559.10
 39210.0 , 38568.80
 39220.0 , 38578.46
 39230.0 , 38588.07
 39240.0 , 38597.66
 39250.0 , 38607.22
 39260.0 , 38616.76
 39270.0 , 38626.29
 39280.0 , 38635.83
 39290.0 , 38645.38
 39300.0 , 38654.94
 39310.0 , 38664.54
 39320.0 , 38674.17
 39330.0 , 38683.83
 39340.0 , 38693.55
 39350.0 , 38703.32
 39360.0 , 38713.14
 39370.0 , 38723.02
 39380.0 , 38732.96
 39390.0 , 38742.94
 39400.0 , 38752.99
 39410.0 , 38763.08
 39420.0 , 38773.20
 39430.0 , 38783.36
 39440.0 , 38793.54
 39450.0 , 38803.72
 39460.0 , 38813.92
 39470.0 , 38824.10
 39480.0 , 38834.26
 39490.0 , 38844.39
 39500.0 , 38854.49
 39510.0 , 38864.53
 39520.0 , 38874.54
 39530.0 , 38884.49
 39540.0 , 38894.37
 39550.0 , 38904.21
 39560.0 , 38913.99
 39570.0 , 38923.71
 39580.0 , 38933.40
 39590.0 , 38943.03
 39600.0 , 38952.63
 39610.0 , 38962.20
 39620.0 , 38971.75
 39630.0 , 38981.29
 39640.0 , 38990.83
 39650.0 , 39000.37
 39660.0 , 39009.92
 39670.0 , 39019.51
 39680.0 , 39029.11
 39690.0 , 39038.76
 39700.0 , 39048.45
 39710.0 , 39058.19
 39720.0 , 39067.99
 39730.0 , 39077.84
 39740.0 , 39087.74
 39750.0 , 39097.70
 39760.0 , 39107.72
 39770.0 , 39117.78
 39780.0 , 39127.89
 39790.0 , 39138.03
 39800.0 , 39148.20
 39810.0 , 39158.38
 39820.0 , 39168.58
 39830.0 , 39178.76
 39840.0 , 39188.93
 39850.0 , 39199.08
 39860.0 , 39209.20
 39870.0 , 39219.27
 39880.0 , 39229.30
 39890.0 , 39239.27
 39900.0 , 39249.20
 39910.0 , 39259.06
 39920.0 , 39268.87
 39930.0 , 39278.62
 39940.0 , 39288.33
 39950.0 , 39297.98
 39960.0 , 39307.60
 39970.0 , 39317.19
 39980.0 , 39326.75
 39990.0 , 39336.29
 40000.0 , 39345.83
 40010.0 , 39355.36
 40020.0 , 39364.91
 40030.0 , 39374.48
 40040.0 , 39384.07
 40050.0 , 39393.70
 40060.0 , 39403.37
 40070.0 , 39413.08
 40080.0 , 39422.85
 40090.0 , 39432.67
 40100.0 , 39442.54
 40110.0 , 39452.48
 40120.0 , 39462.47
 40130.0 , 39472.50
 40140.0 , 39482.59
 40150.0 , 39492.71
 40160.0 , 39502.86
 40170.0 , 39513.04
 40180.0 , 39523.23
 40190.0 , 39533.42
 40200.0 , 39543.60
 40210.0 , 39553.77
 40220.0 , 39563.90
 40230.0 , 39574.00
 40240.0 , 39584.05
 40250.0 , 39594.05
 40260.0 , 39604.01
 40270.0 , 39613.90
 40280.0 , 39623.74
 40290.0 , 39633.52
 40300.0 , 39643.25
 40310.0 , 39652.93
 40320.0 , 39662.57
 40330.0 , 39672.17
 40340.0 , 39681.74
 40350.0 , 39691.30
 40360.0 , 39700.83
 40370.0 , 39710.37
 40380.0 , 39719.91
 40390.0 , 39729.46
 40400.0 , 39739.04
 40410.0 , 39748.65
 40420.0 , 39758.29
 40430.0 , 39767.98
 40440.0 , 39777.72
 40450.0 , 39787.51
 40460.0 , 39797.36
 40470.0 , 39807.26
 40480.0 , 39817.22
 40490.0 , 39827.23
 40500.0 , 39837.30
 40510.0 , 39847.40
 40520.0 , 39857.54
 40530.0 , 39867.71
 40540.0 , 39877.89
 40550.0 , 39888.08
 40560.0 , 39898.27
 40570.0 , 39908.44
 40580.0 , 39918.59
 40590.0 , 39928.71
 40600.0 , 39938.79
 40610.0 , 39948.82
 40620.0 , 39958.80
 40630.0 , 39968.72
 40640.0 , 39978.59
 40650.0 , 39988.40
 40660.0 , 39998.16
 40670.0 , 40007.86
 40680.0 , 40017.52
 40690.0 , 40027.14
 40700.0 , 40036.73
 40710.0 , 40046.29
 40720.0 , 40055.83
 40730.0 , 40065.37
 40740.0 , 40074.91
 40750.0 , 40084.45
 40760.0 , 40094.02
 40770.0 , 40103.61
 40780.0 , 40113.23
 40790.0 , 40122.90
 40800.0 , 40132.61
 40810.0 , 40142.37
 40820.0 , 40152.19
 40830.0 , 40162.06
 40840.0 , 40171.99
 40850.0 , 40181.98
 40860.0 , 40192.02
 40870.0 , 40202.10
 40880.0 , 40212.22
 40890.0 , 40222.37
 40900.0 , 40232.55
 40910.0 , 40242.74
 40920.0 , 40252.93
 40930.0 , 40263.11
 40940.0 , 40273.28
 40950.0 , 40283.41
 40960.0 , 40293.51
 40970.0 , 40303.57
 40980.0 , 40313.57
 40990.0 , 40323.53
 41000.0 , 40333.43
 41010.0 , 40343.26
 41020.0 , 40353.05
 41030.0 , 40362.78
 41040.0 , 40372.46
 41050.0 , 40382.10
 41060.0 , 40391.71
 41070.0 , 40401.28
 41080.0 , 40410.83
 41090.0 , 40420.37
 41100.0 , 40429.90
 41110.0 , 40439.44
 41120.0 , 40449.00
 41130.0 , 40458.57
 41140.0 , 40468.18
 41150.0 , 40477.82
 41160.0 , 40487.51
 41170.0 , 40497.24
 41180.0 , 40507.03
 41190.0 , 40516.88
 41200.0 , 40526.78
 41210.0 , 40536.74
 41220.0 , 40546.74
 41230.0 , 40556.80
 41240.0 , 40566.91
 41250.0 , 40577.04
 41260.0 , 40587.21
 41270.0 , 40597.40
 41280.0 , 40607.59
 41290.0 , 40617.78
 41300.0 , 40627.95
 41310.0 , 40638.10
 41320.0 , 40648.22
 41330.0 , 40658.30
 41340.0 , 40668.33
 41350.0 , 40678.32
 41360.0 , 40688.24
 41370.0 , 40698.11
 41380.0 , 40707.93
 41390.0 , 40717.69
 41400.0 , 40727.39
 41410.0 , 40737.06
 41420.0 , 40746.68
 41430.0 , 40756.27
 41440.0 , 40765.83
 41450.0 , 40775.38
 41460.0 , 40784.91
 41470.0 , 40794.45
 41480.0 , 40803.99
 41490.0 , 40813.55
 41500.0 , 40823.15
 41510.0 , 40832.77
 41520.0 , 40842.43
 41530.0 , 40852.14
 41540.0 , 40861.90
 41550.0 , 40871.71
 41560.0 , 40881.58
 41570.0 , 40891.51
 41580.0 , 40901.49
 41590.0 , 40911.53
 41600.0 , 40921.61
 41610.0 , 40931.72
 41620.0 , 40941.88
 41630.0 , 40952.05
 41640.0 , 40962.24
 41650.0 , 40972.43
 41660.0 , 40982.62
 41670.0 , 40992.78
 41680.0 , 41002.92
 41690.0 , 41013.02
 41700.0 , 41023.08
 41710.0 , 41033.09
 41720.0 , 41043.04
 41730.0 , 41052.94
 41740.0 , 41062.79
 41750.0 , 41072.58
 41760.0 , 41082.31
 41770.0 , 41092.00
 41780.0 , 41101.64
 41790.0 , 41111.25
 41800.0 , 41120.82
 41810.0 , 41130.37
 41820.0 , 41139.91
 41830.0 , 41149.45
 41840.0 , 41158.99
 41850.0 , 41168.54
 41860.0 , 41178.12
 41870.0 , 41187.72
 41880.0 , 41197.36
 41890.0 , 41207.04
 41900.0 , 41216.77
 41910.0 , 41226.56
 41920.0 , 41236.40
 41930.0 , 41246.30
 41940.0 , 41256.25
 41950.0 , 41266.26
 41960.0 , 41276.31
 41970.0 , 41286.41
 41980.0 , 41296.55
 41990.0 , 41306.71
 42000.0 , 41316.90
 42010.0 , 41327.09
 42020.0 , 41337.28
 42030.0 , 41347.46
 42040.0 , 41357.61
 42050.0 , 41367.73
 42060.0 , 41377.82
 42070.0 , 41387.85
 42080.0 , 41397.84
 42090.0 , 41407.77
 42100.0 , 41417.64
 42110.0 , 41427.46
 42120.0 , 41437.22
 42130.0 , 41446.93
 42140.0 , 41456.59
 42150.0 , 41466.22
 42160.0 , 41475.81
 42170.0 , 41485.37
 42180.0 , 41494.92
 42190.0 , 41504.45
 42200.0 , 41513.99
 42210.0 , 41523.53
 42220.0 , 41533.09
 42230.0 , 41542.68
 42240.0 , 41552.30
 42250.0 , 41561.96
 42260.0 , 41571.66
 42270.0 , 41581.42
 42280.0 , 41591.23
 42290.0 , 41601.10
 42300.0 , 41611.03
 42310.0 , 41621.00
 42320.0 , 41631.03
 42330.0 , 41641.11
 42340.0 , 41651.23
 42350.0 , 41661.38
 42360.0 , 41671.56
 42370.0 , 41681.74
 42380.0 , 41691.93
 42390.0 , 41702.12
 42400.0 , 41712.29
 42410.0 , 41722.43
 42420.0 , 41732.53
 42430.0 , 41742.59
 42440.0 , 41752.61
 42450.0 , 41762.57
 42460.0 , 41772.47
 42470.0 , 41782.31
 42480.0 , 41792.11
 42490.0 , 41801.84
 42500.0 , 41811.53
 42510.0 , 41821.18
 42520.0 , 41830.78
 42530.0 , 41840.36
 42540.0 , 41849.91
 42550.0 , 41859.45
 42560.0 , 41868.99
 42570.0 , 41878.53
 42580.0 , 41888.08
 42590.0 , 41897.65
 42600.0 , 41907.25
 42610.0 , 41916.89
 42620.0 , 41926.57
 42630.0 , 41936.30
 42640.0 , 41946.08
 42650.0 , 41955.93
 42660.0 , 41965.82
 42670.0 , 41975.77
 42680.0 , 41985.77
 42690.0 , 41995.83
 42700.0 , 42005.92
 42710.0 , 42016.06
 42720.0 , 42026.22
 42730.0 , 42036.40
 42740.0 , 42046.59
 42750.0 , 42056.78
 42760.0 , 42066.96
 42770.0 , 42077.11
 42780.0 , 42087.24
 42790.0 , 42097.32
 42800.0 , 42107.36
 42810.0 , 42117.35
 42820.0 , 42127.28
 42830.0 , 42137.16
 42840.0 , 42146.98
 42850.0 , 42156.74
 42860.0 , 42166.46
 42870.0 , 42176.12
 42880.0 , 42185.75
 42890.0 , 42195.34
 42900.0 , 42204.91
 42910.0 , 42214.45
 42920.0 , 42223.99
 42930.0 , 42233.53
 42940.0 , 42243.07
 42950.0 , 42252.63
 42960.0 , 42262.22
 42970.0 , 42271.83
 42980.0 , 42281.49
 42990.0 , 42291.20
 43000.0 , 42300.95
 43010.0 , 42310.76
 43020.0 , 42320.62
 43030.0 , 42330.55
 43040.0 , 42340.52
 43050.0 , 42350.55
 43060.0 , 42360.62
 43070.0 , 42370.74
 43080.0 , 42380.89
 43090.0 , 42391.06
 43100.0 , 42401.25
 43110.0 , 42411.44
 43120.0 , 42421.62
 43130.0 , 42431.79
 43140.0 , 42441.93
 43150.0 , 42452.04
 43160.0 , 42462.10
 43170.0 , 42472.12
 43180.0 , 42482.08
 43190.0 , 42491.99
 43200.0 , 42501.83
 43210.0 , 42511.63
 43220.0 , 42521.37
 43230.0 , 42531.06
 43240.0 , 42540.71
 43250.0 , 42550.32
 43260.0 , 42559.90
 43270.0 , 42569.46
 43280.0 , 42579.00
 43290.0 , 42588.53
 43300.0 , 42598.07
 43310.0 , 42607.62
 43320.0 , 42617.19
 43330.0 , 42626.79
 43340.0 , 42636.43
 43350.0 , 42646.10
 43360.0 , 42655.83
 43370.0 , 42665.61
 43380.0 , 42675.44
 43390.0 , 42685.34
 43400.0 , 42695.28
 43410.0 , 42705.28
 43420.0 , 42715.34
 43430.0 , 42725.43
 43440.0 , 42735.56
 43450.0 , 42745.73
 43460.0 , 42755.91
 43470.0 , 42766.09
 43480.0 , 42776.29
 43490.0 , 42786.46
 43500.0 , 42796.62
 43510.0 , 42806.75
 43520.0 , 42816.83
 43530.0 , 42826.87
 43540.0 , 42836.86
 43550.0 , 42846.80
 43560.0 , 42856.68
 43570.0 , 42866.50
 43580.0 , 42876.27
 43590.0 , 42885.99
 43600.0 , 42895.66
 43610.0 , 42905.28
 43620.0 , 42914.88
 43630.0 , 42924.45
 43640.0 , 42933.99
 43650.0 , 42943.53
 43660.0 , 42953.07
 43670.0 , 42962.61
 43680.0 , 42972.17
 43690.0 , 42981.76
 43700.0 , 42991.37
 43710.0 , 43001.03
 43720.0 , 43010.73
 43730.0 , 43020.48
 43740.0 , 43030.28
 43750.0 , 43040.15
 43760.0 , 43050.06
 43770.0 , 43060.04
 43780.0 , 43070.06
 43790.0 , 43080.13
 43800.0 , 43090.25
 43810.0 , 43100.40
 43820.0 , 43110.57
 43830.0 , 43120.76
 43840.0 , 43130.95
 43850.0 , 43141.13
 43860.0 , 43151.30
 43870.0 , 43161.45
 43880.0 , 43171.55
 43890.0 , 43181.62
 43900.0 , 43191.63
 43910.0 , 43201.60
 43920.0 , 43211.51
 43930.0 , 43221.36
 43940.0 , 43231.15
 43950.0 , 43240.90
 43960.0 , 43250.59
 43970.0 , 43260.24
 43980.0 , 43269.85
 43990.0 , 43279.43
 44000.0 , 43288.98
 44010.0 , 43298.53
 44020.0 , 43308.06
 44030.0 , 43317.60
 44040.0 , 43327.15
 44050.0 , 43336.72
 44060.0 , 43346.32
 44070.0 , 43355.96
 44080.0 , 43365.63
 44090.0 , 43375.36
 44100.0 , 43385.14
 44110.0 , 43394.97
 44120.0 , 43404.86
 44130.0 , 43414.80
 44140.0 , 43424.80
 44150.0 , 43434.85
 44160.0 , 43444.94
 44170.0 , 43455.07
 44180.0 , 43465.23
 44190.0 , 43475.42
 44200.0 , 43485.60
 44210.0 , 43495.79
 44220.0 , 43505.97
 44230.0 , 43516.13
 44240.0 , 43526.26
 44250.0 , 43536.35
 44260.0 , 43546.39
 44270.0 , 43556.38
 44280.0 , 43566.32
 44290.0 , 43576.20
 44300.0 , 43586.02
 44310.0 , 43595.80
 44320.0 , 43605.51
 44330.0 , 43615.19
 44340.0 , 43624.82
 44350.0 , 43634.41
 44360.0 , 43643.98
 44370.0 , 43653.53
 44380.0 , 43663.07
 44390.0 , 43672.60
 44400.0 , 43682.15
 44410.0 , 43691.71
 44420.0 , 43701.29
 44430.0 , 43710.91
 44440.0 , 43720.56
 44450.0 , 43730.26
 44460.0 , 43740.01
 44470.0 , 43749.81
 44480.0 , 43759.67
 44490.0 , 43769.59
 44500.0 , 43779.55
 44510.0 , 43789.58
 44520.0 , 43799.65
 44530.0 , 43809.76
 44540.0 , 43819.91
 44550.0 , 43830.08
 44560.0 , 43840.26
 44570.0 , 43850.45
 44580.0 , 43860.64
 44590.0 , 43870.80
 44600.0 , 43880.95
 44610.0 , 43891.06
 44620.0 , 43901.13
 44630.0 , 43911.15
 44640.0 , 43921.12
 44650.0 , 43931.02
 44660.0 , 43940.88
 44670.0 , 43950.68
 44680.0 , 43960.43
 44690.0 , 43970.12
 44700.0 , 43979.77
 44710.0 , 43989.38
 44720.0 , 43998.97
 44730.0 , 44008.52
 44740.0 , 44018.07
 44750.0 , 44027.61
 44760.0 , 44037.14
 44770.0 , 44046.69
 44780.0 , 44056.26
 44790.0 , 44065.86
 44800.0 , 44075.49
 44810.0 , 44085.17
 44820.0 , 44094.89
 44830.0 , 44104.66
 44840.0 , 44114.49
 44850.0 , 44124.38
 44860.0 , 44134.32
 44870.0 , 44144.32
 44880.0 , 44154.36
 44890.0 , 44164.45
 44900.0 , 44174.59
 44910.0 , 44184.74
 44920.0 , 44194.92
 44930.0 , 44205.11
 44940.0 , 44215.30
 44950.0 , 44225.48
 44960.0 , 44235.64
 44970.0 , 44245.77
 44980.0 , 44255.86
 44990.0 , 44265.91
 45000.0 , 44275.90
